uri,creators
http://data.collectienederland.nl/resource/document/museum-belvedere/0002,"""Benner, Gerrit"""
http://data.collectienederland.nl/resource/document/museum-belvedere/0003,"""Benner, Gerrit"""
http://data.collectienederland.nl/resource/document/museum-belvedere/0005,"""Benner, Gerrit"""
http://data.collectienederland.nl/resource/document/museum-belvedere/0006,"""Benner, Gerrit"""
http://data.collectienederland.nl/resource/document/museum-belvedere/0008,"""Benner, Gerrit"""
http://data.collectienederland.nl/resource/document/museum-belvedere/0010,"""Benner, Gerrit"""
http://data.collectienederland.nl/resource/document/museum-belvedere/0011,"""Benner, Gerrit"""
http://data.collectienederland.nl/resource/document/museum-belvedere/0012,"""Benner, Gerrit"""
http://data.collectienederland.nl/resource/document/museum-belvedere/0013,"""Benner, Gerrit"""
http://data.collectienederland.nl/resource/document/museum-belvedere/0015,"""Benner, Gerrit"""
http://data.collectienederland.nl/resource/document/museum-belvedere/0017,"""Benner, Gerrit"""
http://data.collectienederland.nl/resource/document/museum-belvedere/0018,"""Benner, Gerrit"""
http://data.collectienederland.nl/resource/document/museum-belvedere/0037,"""Benner, Gerrit"""
http://data.collectienederland.nl/resource/document/museum-belvedere/0154,"""Benner, Gerrit"""
http://data.collectienederland.nl/resource/document/museum-belvedere/0157,"""Benner, Gerrit"""
http://data.collectienederland.nl/resource/document/museum-belvedere/0199,"""Benner, Gerrit"""
http://data.collectienederland.nl/resource/document/museum-belvedere/0236,"""Benner, Gerrit"""
http://data.collectienederland.nl/resource/document/museum-belvedere/0258,"""Benner, Gerrit"""
http://data.collectienederland.nl/resource/document/museum-belvedere/0265,"""Benner, Gerrit"""
http://data.collectienederland.nl/resource/document/museum-belvedere/0384,"""Benner, Gerrit"""
http://data.collectienederland.nl/resource/document/museum-belvedere/0423,"""Benner, Gerrit"""
http://data.collectienederland.nl/resource/document/museum-belvedere/0424,"""Benner, Gerrit"""
http://data.collectienederland.nl/resource/document/museum-belvedere/0455,"""Benner, Gerrit"""
http://data.collectienederland.nl/resource/document/museum-belvedere/0582,"""Benner, Gerrit"""
http://data.collectienederland.nl/resource/document/museum-belvedere/0583,"""Benner, Gerrit"""
http://data.collectienederland.nl/resource/document/museum-belvedere/1075,"""Benner, Gerrit"""
http://data.collectienederland.nl/resource/document/museum-belvedere/1076,"""Benner, Gerrit"""
http://data.collectienederland.nl/resource/document/museum-belvedere/1077,"""Benner, Gerrit"""
http://data.collectienederland.nl/resource/document/museum-belvedere/1283,"""Benner, Gerrit"""
http://data.collectienederland.nl/resource/document/museum-belvedere/1292,"""Benner, Gerrit"""
http://data.collectienederland.nl/resource/document/museum-belvedere/1293,"""Benner, Gerrit"""
http://data.collectienederland.nl/resource/document/museum-belvedere/1294,"""Benner, Gerrit"""
http://data.collectienederland.nl/resource/document/museum-belvedere/1295,"""Benner, Gerrit"""
http://data.collectienederland.nl/resource/document/museum-belvedere/1458,"""Benner, Gerrit"""
http://data.collectienederland.nl/resource/document/museum-belvedere/1459,"""Benner, Gerrit"""
http://data.collectienederland.nl/resource/document/museum-belvedere/1555,"""Benner, Gerrit"""
http://data.collectienederland.nl/resource/document/museum-belvedere/1620,"""Benner, Gerrit"""
http://data.collectienederland.nl/resource/document/museum-belvedere/1638,"""Benner, Gerrit"""
http://data.collectienederland.nl/resource/document/museum-belvedere/1639,"""Benner, Gerrit"""
http://data.collectienederland.nl/resource/document/museum-belvedere/1640,"""Benner, Gerrit"""
http://data.collectienederland.nl/resource/document/museum-belvedere/1641,"""Benner, Gerrit"""
http://data.collectienederland.nl/resource/document/museum-belvedere/1642,"""Benner, Gerrit"""
http://data.collectienederland.nl/resource/document/museum-belvedere/1646,"""Benner, Gerrit"""
http://data.collectienederland.nl/resource/document/museum-belvedere/1647,"""Benner, Gerrit"""
http://data.collectienederland.nl/resource/document/museum-belvedere/1649,"""Benner, Gerrit"""
http://data.collectienederland.nl/resource/document/museum-belvedere/0019,"""Vries, Sjoerd de"""
http://data.collectienederland.nl/resource/document/museum-belvedere/0039,"""Vries, Sjoerd de"""
http://data.collectienederland.nl/resource/document/museum-belvedere/0040,"""Vries, Sjoerd de"""
http://data.collectienederland.nl/resource/document/museum-belvedere/0050,"""Vries, Sjoerd de"""
http://data.collectienederland.nl/resource/document/museum-belvedere/0051,"""Vries, Sjoerd de"""
http://data.collectienederland.nl/resource/document/museum-belvedere/0052,"""Vries, Sjoerd de"""
http://data.collectienederland.nl/resource/document/museum-belvedere/0188,"""Vries, Sjoerd de"""
http://data.collectienederland.nl/resource/document/museum-belvedere/0484,"""Vries, Sjoerd de"""
http://data.collectienederland.nl/resource/document/museum-belvedere/0508,"""Vries, Sjoerd de"""
http://data.collectienederland.nl/resource/document/museum-belvedere/0545,"""Vries, Sjoerd de"""
http://data.collectienederland.nl/resource/document/museum-belvedere/0561,"""Vries, Sjoerd de"""
http://data.collectienederland.nl/resource/document/museum-belvedere/0568,"""Vries, Sjoerd de"""
http://data.collectienederland.nl/resource/document/museum-belvedere/0572,"""Vries, Sjoerd de"""
http://data.collectienederland.nl/resource/document/museum-belvedere/0578,"""Vries, Sjoerd de"""
http://data.collectienederland.nl/resource/document/museum-belvedere/0579,"""Vries, Sjoerd de"""
http://data.collectienederland.nl/resource/document/museum-belvedere/0580,"""Vries, Sjoerd de"""
http://data.collectienederland.nl/resource/document/museum-belvedere/0693,"""Vries, Sjoerd de"""
http://data.collectienederland.nl/resource/document/museum-belvedere/0694,"""Vries, Sjoerd de"""
http://data.collectienederland.nl/resource/document/museum-belvedere/1731,"""Vries, Sjoerd de"""
http://data.collectienederland.nl/resource/document/museum-belvedere/1782,"""Vries, Sjoerd de"""
http://data.collectienederland.nl/resource/document/museum-belvedere/1840,"""Vries, Sjoerd de"""
http://data.collectienederland.nl/resource/document/museum-belvedere/1841,"""Vries, Sjoerd de"""
http://data.collectienederland.nl/resource/document/museum-belvedere/1842,"""Vries, Sjoerd de"""
http://data.collectienederland.nl/resource/document/museum-belvedere/1909,"""Vries, Sjoerd de"""
http://data.collectienederland.nl/resource/document/museum-belvedere/1910,"""Vries, Sjoerd de"""
http://data.collectienederland.nl/resource/document/museum-belvedere/0020,"""Bregman, Boele"""
http://data.collectienederland.nl/resource/document/museum-belvedere/0030,"""Bregman, Boele"""
http://data.collectienederland.nl/resource/document/museum-belvedere/0033,"""Bregman, Boele"""
http://data.collectienederland.nl/resource/document/museum-belvedere/0153,"""Bregman, Boele"""
http://data.collectienederland.nl/resource/document/museum-belvedere/0491,"""Bregman, Boele"""
http://data.collectienederland.nl/resource/document/museum-belvedere/0678,"""Bregman, Boele"""
http://data.collectienederland.nl/resource/document/museum-belvedere/0689,"""Bregman, Boele"""
http://data.collectienederland.nl/resource/document/museum-belvedere/0690,"""Bregman, Boele"""
http://data.collectienederland.nl/resource/document/museum-belvedere/0691,"""Bregman, Boele"""
http://data.collectienederland.nl/resource/document/museum-belvedere/0946,"""Bregman, Boele"""
http://data.collectienederland.nl/resource/document/museum-belvedere/0947,"""Bregman, Boele"""
http://data.collectienederland.nl/resource/document/museum-belvedere/0948,"""Bregman, Boele"""
http://data.collectienederland.nl/resource/document/museum-belvedere/1296,"""Bregman, Boele"""
http://data.collectienederland.nl/resource/document/museum-belvedere/1452,"""Bregman, Boele"""
http://data.collectienederland.nl/resource/document/museum-belvedere/1533,"""Bregman, Boele"""
http://data.collectienederland.nl/resource/document/museum-belvedere/1793,"""Bregman, Boele"""
http://data.collectienederland.nl/resource/document/museum-belvedere/0026,"""Kruyder, Herman"""
http://data.collectienederland.nl/resource/document/museum-belvedere/0027,"""Kruyder, Herman"""
http://data.collectienederland.nl/resource/document/museum-belvedere/0028,"""Kruyder, Herman"""
http://data.collectienederland.nl/resource/document/museum-belvedere/0029,"""Kruyder, Herman"""
http://data.collectienederland.nl/resource/document/museum-belvedere/0223,"""Kruyder, Herman"""
http://data.collectienederland.nl/resource/document/museum-belvedere/0261,"""Kruyder, Herman"""
http://data.collectienederland.nl/resource/document/museum-belvedere/0263,"""Kruyder, Herman"""
http://data.collectienederland.nl/resource/document/museum-belvedere/0783,"""Kruyder, Herman"""
http://data.collectienederland.nl/resource/document/museum-belvedere/0034,"""Snijder, Jan"""
http://data.collectienederland.nl/resource/document/museum-belvedere/0036,"""Snijder, Jan"""
http://data.collectienederland.nl/resource/document/museum-belvedere/0065,"""Snijder, Jan"""
http://data.collectienederland.nl/resource/document/museum-belvedere/0067,"""Snijder, Jan"""
http://data.collectienederland.nl/resource/document/museum-belvedere/0394,"""Snijder, Jan"""
http://data.collectienederland.nl/resource/document/museum-belvedere/0395,"""Snijder, Jan"""
http://data.collectienederland.nl/resource/document/museum-belvedere/0396,"""Snijder, Jan"""
http://data.collectienederland.nl/resource/document/museum-belvedere/0397,"""Snijder, Jan"""
http://data.collectienederland.nl/resource/document/museum-belvedere/0398,"""Snijder, Jan"""
http://data.collectienederland.nl/resource/document/museum-belvedere/0399,"""Snijder, Jan"""
http://data.collectienederland.nl/resource/document/museum-belvedere/0400,"""Snijder, Jan"""
http://data.collectienederland.nl/resource/document/museum-belvedere/0401,"""Snijder, Jan"""
http://data.collectienederland.nl/resource/document/museum-belvedere/0402,"""Snijder, Jan"""
http://data.collectienederland.nl/resource/document/museum-belvedere/0403,"""Snijder, Jan"""
http://data.collectienederland.nl/resource/document/museum-belvedere/0404,"""Snijder, Jan"""
http://data.collectienederland.nl/resource/document/museum-belvedere/0405,"""Snijder, Jan"""
http://data.collectienederland.nl/resource/document/museum-belvedere/0406,"""Snijder, Jan"""
http://data.collectienederland.nl/resource/document/museum-belvedere/0486,"""Snijder, Jan"""
http://data.collectienederland.nl/resource/document/museum-belvedere/0525,"""Snijder, Jan"""
http://data.collectienederland.nl/resource/document/museum-belvedere/0569,"""Snijder, Jan"""
http://data.collectienederland.nl/resource/document/museum-belvedere/0570,"""Snijder, Jan"""
http://data.collectienederland.nl/resource/document/museum-belvedere/0646,"""Snijder, Jan"""
http://data.collectienederland.nl/resource/document/museum-belvedere/0924,"""Snijder, Jan"""
http://data.collectienederland.nl/resource/document/museum-belvedere/1351,"""Snijder, Jan"""
http://data.collectienederland.nl/resource/document/museum-belvedere/1352,"""Snijder, Jan"""
http://data.collectienederland.nl/resource/document/museum-belvedere/1354,"""Snijder, Jan"""
http://data.collectienederland.nl/resource/document/museum-belvedere/1809,"""Snijder, Jan"""
http://data.collectienederland.nl/resource/document/museum-belvedere/0035,"""Hell, Johan van"""
http://data.collectienederland.nl/resource/document/museum-belvedere/0042,"""Oud, Tames"""
http://data.collectienederland.nl/resource/document/museum-belvedere/0087,"""Oud, Tames"""
http://data.collectienederland.nl/resource/document/museum-belvedere/0089,"""Oud, Tames"""
http://data.collectienederland.nl/resource/document/museum-belvedere/0091,"""Oud, Tames"""
http://data.collectienederland.nl/resource/document/museum-belvedere/0248,"""Oud, Tames"""
http://data.collectienederland.nl/resource/document/museum-belvedere/0473,"""Oud, Tames"""
http://data.collectienederland.nl/resource/document/museum-belvedere/0474,"""Oud, Tames"""
http://data.collectienederland.nl/resource/document/museum-belvedere/0566,"""Oud, Tames"""
http://data.collectienederland.nl/resource/document/museum-belvedere/0573,"""Oud, Tames"""
http://data.collectienederland.nl/resource/document/museum-belvedere/0665,"""Oud, Tames"""
http://data.collectienederland.nl/resource/document/museum-belvedere/0930,"""Oud, Tames"""
http://data.collectienederland.nl/resource/document/museum-belvedere/1387,"""Oud, Tames"""
http://data.collectienederland.nl/resource/document/museum-belvedere/1491,"""Oud, Tames"""
http://data.collectienederland.nl/resource/document/museum-belvedere/1543,"""Oud, Tames"""
http://data.collectienederland.nl/resource/document/museum-belvedere/1544,"""Oud, Tames"""
http://data.collectienederland.nl/resource/document/museum-belvedere/1545,"""Oud, Tames"""
http://data.collectienederland.nl/resource/document/museum-belvedere/1546,"""Oud, Tames"""
http://data.collectienederland.nl/resource/document/museum-belvedere/1547,"""Oud, Tames"""
http://data.collectienederland.nl/resource/document/museum-belvedere/1582,"""Oud, Tames"""
http://data.collectienederland.nl/resource/document/museum-belvedere/0043,"""Zandvliet, Robert"""
http://data.collectienederland.nl/resource/document/museum-belvedere/0496,"""Zandvliet, Robert"""
http://data.collectienederland.nl/resource/document/museum-belvedere/0571,"""Zandvliet, Robert"""
http://data.collectienederland.nl/resource/document/museum-belvedere/0731,"""Zandvliet, Robert"""
http://data.collectienederland.nl/resource/document/museum-belvedere/0732,"""Zandvliet, Robert"""
http://data.collectienederland.nl/resource/document/museum-belvedere/0733,"""Zandvliet, Robert"""
http://data.collectienederland.nl/resource/document/museum-belvedere/0734,"""Zandvliet, Robert"""
http://data.collectienederland.nl/resource/document/museum-belvedere/0843,"""Zandvliet, Robert"""
http://data.collectienederland.nl/resource/document/museum-belvedere/1067,"""Zandvliet, Robert"""
http://data.collectienederland.nl/resource/document/museum-belvedere/1068,"""Zandvliet, Robert"""
http://data.collectienederland.nl/resource/document/museum-belvedere/1432,"""Zandvliet, Robert"""
http://data.collectienederland.nl/resource/document/museum-belvedere/0044,"""Heyden, J.C.J. van der"""
http://data.collectienederland.nl/resource/document/museum-belvedere/0370,"""Heyden, J.C.J. van der"""
http://data.collectienederland.nl/resource/document/museum-belvedere/1733,"""Heyden, J.C.J. van der"""
http://data.collectienederland.nl/resource/document/museum-belvedere/0046,"""Adriaans, Leon"""
http://data.collectienederland.nl/resource/document/museum-belvedere/0315,"""Adriaans, Leon"""
http://data.collectienederland.nl/resource/document/museum-belvedere/0386,"""Adriaans, Leon"""
http://data.collectienederland.nl/resource/document/museum-belvedere/0447,"""Adriaans, Leon"""
http://data.collectienederland.nl/resource/document/museum-belvedere/0581,"""Adriaans, Leon"""
http://data.collectienederland.nl/resource/document/museum-belvedere/0637,"""Adriaans, Leon"""
http://data.collectienederland.nl/resource/document/museum-belvedere/1078,"""Adriaans, Leon"""
http://data.collectienederland.nl/resource/document/museum-belvedere/1535,"""Adriaans, Leon"""
http://data.collectienederland.nl/resource/document/museum-belvedere/1825,"""Adriaans, Leon"""
http://data.collectienederland.nl/resource/document/museum-belvedere/0056,"""Althuis, Willem van"""
http://data.collectienederland.nl/resource/document/museum-belvedere/0166,"""Althuis, Willem van"""
http://data.collectienederland.nl/resource/document/museum-belvedere/0167,"""Althuis, Willem van"""
http://data.collectienederland.nl/resource/document/museum-belvedere/0168,"""Althuis, Willem van"""
http://data.collectienederland.nl/resource/document/museum-belvedere/0224,"""Althuis, Willem van"""
http://data.collectienederland.nl/resource/document/museum-belvedere/0225,"""Althuis, Willem van"""
http://data.collectienederland.nl/resource/document/museum-belvedere/0226,"""Althuis, Willem van"""
http://data.collectienederland.nl/resource/document/museum-belvedere/0227,"""Althuis, Willem van"""
http://data.collectienederland.nl/resource/document/museum-belvedere/0237,"""Althuis, Willem van"""
http://data.collectienederland.nl/resource/document/museum-belvedere/0408,"""Althuis, Willem van"""
http://data.collectienederland.nl/resource/document/museum-belvedere/0409,"""Althuis, Willem van"""
http://data.collectienederland.nl/resource/document/museum-belvedere/0538,"""Althuis, Willem van"""
http://data.collectienederland.nl/resource/document/museum-belvedere/0540,"""Althuis, Willem van"""
http://data.collectienederland.nl/resource/document/museum-belvedere/0584,"""Althuis, Willem van"""
http://data.collectienederland.nl/resource/document/museum-belvedere/0806,"""Althuis, Willem van"""
http://data.collectienederland.nl/resource/document/museum-belvedere/0807,"""Althuis, Willem van"""
http://data.collectienederland.nl/resource/document/museum-belvedere/0817,"""Althuis, Willem van"""
http://data.collectienederland.nl/resource/document/museum-belvedere/0818,"""Althuis, Willem van"""
http://data.collectienederland.nl/resource/document/museum-belvedere/0825,"""Althuis, Willem van"""
http://data.collectienederland.nl/resource/document/museum-belvedere/0839,"""Althuis, Willem van"""
http://data.collectienederland.nl/resource/document/museum-belvedere/0879,"""Althuis, Willem van"""
http://data.collectienederland.nl/resource/document/museum-belvedere/0880,"""Althuis, Willem van"""
http://data.collectienederland.nl/resource/document/museum-belvedere/0892,"""Althuis, Willem van"""
http://data.collectienederland.nl/resource/document/museum-belvedere/0899,"""Althuis, Willem van"""
http://data.collectienederland.nl/resource/document/museum-belvedere/0981,"""Althuis, Willem van"""
http://data.collectienederland.nl/resource/document/museum-belvedere/1475,"""Althuis, Willem van"""
http://data.collectienederland.nl/resource/document/museum-belvedere/1735,"""Althuis, Willem van"""
http://data.collectienederland.nl/resource/document/museum-belvedere/1806,"""Althuis, Willem van"""
http://data.collectienederland.nl/resource/document/museum-belvedere/0059,"""Kuitwaard, Christiaan"""
http://data.collectienederland.nl/resource/document/museum-belvedere/0061,"""Kuitwaard, Christiaan"""
http://data.collectienederland.nl/resource/document/museum-belvedere/0267,"""Kuitwaard, Christiaan"""
http://data.collectienederland.nl/resource/document/museum-belvedere/0268,"""Kuitwaard, Christiaan"""
http://data.collectienederland.nl/resource/document/museum-belvedere/0269,"""Kuitwaard, Christiaan"""
http://data.collectienederland.nl/resource/document/museum-belvedere/0270,"""Kuitwaard, Christiaan"""
http://data.collectienederland.nl/resource/document/museum-belvedere/0393,"""Kuitwaard, Christiaan"""
http://data.collectienederland.nl/resource/document/museum-belvedere/0429,"""Kuitwaard, Christiaan"""
http://data.collectienederland.nl/resource/document/museum-belvedere/0442,"""Kuitwaard, Christiaan"""
http://data.collectienederland.nl/resource/document/museum-belvedere/0470,"""Kuitwaard, Christiaan"""
http://data.collectienederland.nl/resource/document/museum-belvedere/0527,"""Kuitwaard, Christiaan"""
http://data.collectienederland.nl/resource/document/museum-belvedere/0645,"""Kuitwaard, Christiaan"""
http://data.collectienederland.nl/resource/document/museum-belvedere/0887,"""Kuitwaard, Christiaan"""
http://data.collectienederland.nl/resource/document/museum-belvedere/0888,"""Kuitwaard, Christiaan"""
http://data.collectienederland.nl/resource/document/museum-belvedere/0919,"""Kuitwaard, Christiaan"""
http://data.collectienederland.nl/resource/document/museum-belvedere/0926,"""Kuitwaard, Christiaan"""
http://data.collectienederland.nl/resource/document/museum-belvedere/0929,"""Kuitwaard, Christiaan"""
http://data.collectienederland.nl/resource/document/museum-belvedere/1332,"""Kuitwaard, Christiaan"""
http://data.collectienederland.nl/resource/document/museum-belvedere/1333,"""Kuitwaard, Christiaan"""
http://data.collectienederland.nl/resource/document/museum-belvedere/1494,"""Kuitwaard, Christiaan"""
http://data.collectienederland.nl/resource/document/museum-belvedere/1507,"""Kuitwaard, Christiaan"""
http://data.collectienederland.nl/resource/document/museum-belvedere/1725,"""Kuitwaard, Christiaan"""
http://data.collectienederland.nl/resource/document/museum-belvedere/1726,"""Kuitwaard, Christiaan"""
http://data.collectienederland.nl/resource/document/museum-belvedere/1897,"""Kuitwaard, Christiaan"""
http://data.collectienederland.nl/resource/document/museum-belvedere/1898,"""Kuitwaard, Christiaan"""
http://data.collectienederland.nl/resource/document/museum-belvedere/1899,"""Kuitwaard, Christiaan"""
http://data.collectienederland.nl/resource/document/museum-belvedere/1900,"""Kuitwaard, Christiaan"""
http://data.collectienederland.nl/resource/document/museum-belvedere/1907,"""Kuitwaard, Christiaan"""
http://data.collectienederland.nl/resource/document/museum-belvedere/0060,"""Akkerman, Ben"""
http://data.collectienederland.nl/resource/document/museum-belvedere/0255,"""Akkerman, Ben"""
http://data.collectienederland.nl/resource/document/museum-belvedere/0815,"""Akkerman, Ben"""
http://data.collectienederland.nl/resource/document/museum-belvedere/0816,"""Akkerman, Ben"""
http://data.collectienederland.nl/resource/document/museum-belvedere/0062,"""Metsaars, Janus"""
http://data.collectienederland.nl/resource/document/museum-belvedere/0063,"""Metsaars, Janus"""
http://data.collectienederland.nl/resource/document/museum-belvedere/0647,"""Metsaars, Janus"""
http://data.collectienederland.nl/resource/document/museum-belvedere/1758,"""Metsaars, Janus"""
http://data.collectienederland.nl/resource/document/museum-belvedere/1759,"""Metsaars, Janus"""
http://data.collectienederland.nl/resource/document/museum-belvedere/0066,"""Rinsema, Krin"""
http://data.collectienederland.nl/resource/document/museum-belvedere/0529,"""Rinsema, Krin"""
http://data.collectienederland.nl/resource/document/museum-belvedere/0866,"""Rinsema, Krin"""
http://data.collectienederland.nl/resource/document/museum-belvedere/0969,"""Rinsema, Krin"""
http://data.collectienederland.nl/resource/document/museum-belvedere/1525,"""Rinsema, Krin"""
http://data.collectienederland.nl/resource/document/museum-belvedere/1551,"""Rinsema, Krin"""
http://data.collectienederland.nl/resource/document/museum-belvedere/0068,"""Mankes, Jan"""
http://data.collectienederland.nl/resource/document/museum-belvedere/0069,"""Mankes, Jan"""
http://data.collectienederland.nl/resource/document/museum-belvedere/0070,"""Mankes, Jan"""
http://data.collectienederland.nl/resource/document/museum-belvedere/0071,"""Mankes, Jan"""
http://data.collectienederland.nl/resource/document/museum-belvedere/0072,"""Mankes, Jan"""
http://data.collectienederland.nl/resource/document/museum-belvedere/0073,"""Mankes, Jan"""
http://data.collectienederland.nl/resource/document/museum-belvedere/0074,"""Mankes, Jan"""
http://data.collectienederland.nl/resource/document/museum-belvedere/0075,"""Mankes, Jan"""
http://data.collectienederland.nl/resource/document/museum-belvedere/0076,"""Mankes, Jan"""
http://data.collectienederland.nl/resource/document/museum-belvedere/0077,"""Mankes, Jan"""
http://data.collectienederland.nl/resource/document/museum-belvedere/0078,"""Mankes, Jan"""
http://data.collectienederland.nl/resource/document/museum-belvedere/0079,"""Mankes, Jan"""
http://data.collectienederland.nl/resource/document/museum-belvedere/0148,"""Mankes, Jan"""
http://data.collectienederland.nl/resource/document/museum-belvedere/0413,"""Mankes, Jan"""
http://data.collectienederland.nl/resource/document/museum-belvedere/0460,"""Mankes, Jan"""
http://data.collectienederland.nl/resource/document/museum-belvedere/0463,"""Mankes, Jan"""
http://data.collectienederland.nl/resource/document/museum-belvedere/0472,"""Mankes, Jan"""
http://data.collectienederland.nl/resource/document/museum-belvedere/0543,"""Mankes, Jan"""
http://data.collectienederland.nl/resource/document/museum-belvedere/0586,"""Mankes, Jan"""
http://data.collectienederland.nl/resource/document/museum-belvedere/0832,"""Mankes, Jan"""
http://data.collectienederland.nl/resource/document/museum-belvedere/0840,"""Mankes, Jan"""
http://data.collectienederland.nl/resource/document/museum-belvedere/0990,"""Mankes, Jan"""
http://data.collectienederland.nl/resource/document/museum-belvedere/1373,"""Mankes, Jan"""
http://data.collectienederland.nl/resource/document/museum-belvedere/1374,"""Mankes, Jan"""
http://data.collectienederland.nl/resource/document/museum-belvedere/1431,"""Mankes, Jan"""
http://data.collectienederland.nl/resource/document/museum-belvedere/1539,"""Mankes, Jan"""
http://data.collectienederland.nl/resource/document/museum-belvedere/1597,"""Mankes, Jan"""
http://data.collectienederland.nl/resource/document/museum-belvedere/1601,"""Mankes, Jan"""
http://data.collectienederland.nl/resource/document/museum-belvedere/1626,"""Mankes, Jan"""
http://data.collectienederland.nl/resource/document/museum-belvedere/1747,"""Mankes, Jan"""
http://data.collectienederland.nl/resource/document/museum-belvedere/1878,"""Mankes, Jan"""
http://data.collectienederland.nl/resource/document/museum-belvedere/0080,"""Doorn, Tinus van"""
http://data.collectienederland.nl/resource/document/museum-belvedere/0081,"""Doorn, Tinus van"""
http://data.collectienederland.nl/resource/document/museum-belvedere/0082,"""Doorn, Tinus van"""
http://data.collectienederland.nl/resource/document/museum-belvedere/0083,"""Doorn, Tinus van"""
http://data.collectienederland.nl/resource/document/museum-belvedere/0084,"""Doorn, Tinus van"""
http://data.collectienederland.nl/resource/document/museum-belvedere/0085,"""Doorn, Tinus van"""
http://data.collectienederland.nl/resource/document/museum-belvedere/0086,"""Doorn, Tinus van"""
http://data.collectienederland.nl/resource/document/museum-belvedere/0222,"""Doorn, Tinus van"""
http://data.collectienederland.nl/resource/document/museum-belvedere/0410,"""Doorn, Tinus van"""
http://data.collectienederland.nl/resource/document/museum-belvedere/0411,"""Doorn, Tinus van"""
http://data.collectienederland.nl/resource/document/museum-belvedere/0505,"""Doorn, Tinus van"""
http://data.collectienederland.nl/resource/document/museum-belvedere/0531,"""Doorn, Tinus van"""
http://data.collectienederland.nl/resource/document/museum-belvedere/0660,"""Doorn, Tinus van"""
http://data.collectienederland.nl/resource/document/museum-belvedere/1276,"""Doorn, Tinus van"""
http://data.collectienederland.nl/resource/document/museum-belvedere/0092,"""Brusselmans, Jean"""
http://data.collectienederland.nl/resource/document/museum-belvedere/0094,"""Brusselmans, Jean"""
http://data.collectienederland.nl/resource/document/museum-belvedere/0215,"""Brusselmans, Jean"""
http://data.collectienederland.nl/resource/document/museum-belvedere/0093,"""Ensor, James"""
http://data.collectienederland.nl/resource/document/museum-belvedere/0095,"""Tytgat, Edgar"""
http://data.collectienederland.nl/resource/document/museum-belvedere/0246,"""Tytgat, Edgar"""
http://data.collectienederland.nl/resource/document/museum-belvedere/0676,"""Tytgat, Edgar"""
http://data.collectienederland.nl/resource/document/museum-belvedere/0677,"""Tytgat, Edgar"""
http://data.collectienederland.nl/resource/document/museum-belvedere/0096,"""Jespers, Floris"""
http://data.collectienederland.nl/resource/document/museum-belvedere/0352,"""Jespers, Floris"""
http://data.collectienederland.nl/resource/document/museum-belvedere/0097,"""Saverijs, Albert"""
http://data.collectienederland.nl/resource/document/museum-belvedere/0098,"""Kamerlingh Onnes, Harm"""
http://data.collectienederland.nl/resource/document/museum-belvedere/0100,"""Tuynman, Dora"""
http://data.collectienederland.nl/resource/document/museum-belvedere/0101,"""Tuynman, Dora"""
http://data.collectienederland.nl/resource/document/museum-belvedere/0790,"""Tuynman, Dora"""
http://data.collectienederland.nl/resource/document/museum-belvedere/0898,"""Tuynman, Dora"""
http://data.collectienederland.nl/resource/document/museum-belvedere/0900,"""Tuynman, Dora"""
http://data.collectienederland.nl/resource/document/museum-belvedere/0105,"""Brown, Tim"""
http://data.collectienederland.nl/resource/document/museum-belvedere/0106,"""Brown, Tim"""
http://data.collectienederland.nl/resource/document/museum-belvedere/0108,"""Kelder, Toon"""
http://data.collectienederland.nl/resource/document/museum-belvedere/0196,"""Kelder, Toon"""
http://data.collectienederland.nl/resource/document/museum-belvedere/0221,"""Kelder, Toon"""
http://data.collectienederland.nl/resource/document/museum-belvedere/0881,"""Kelder, Toon"""
http://data.collectienederland.nl/resource/document/museum-belvedere/0882,"""Kelder, Toon"""
http://data.collectienederland.nl/resource/document/museum-belvedere/0895,"""Kelder, Toon"""
http://data.collectienederland.nl/resource/document/museum-belvedere/0109,"""Dufresne, Charles"""
http://data.collectienederland.nl/resource/document/museum-belvedere/0110,"""Dukkers, Ed"""
http://data.collectienederland.nl/resource/document/museum-belvedere/0111,"""Dukkers, Ed"""
http://data.collectienederland.nl/resource/document/museum-belvedere/0112,"""Dukkers, Ed"""
http://data.collectienederland.nl/resource/document/museum-belvedere/0440,"""Dukkers, Ed"""
http://data.collectienederland.nl/resource/document/museum-belvedere/0494,"""Dukkers, Ed"""
http://data.collectienederland.nl/resource/document/museum-belvedere/0589,"""Dukkers, Ed"""
http://data.collectienederland.nl/resource/document/museum-belvedere/0590,"""Dukkers, Ed"""
http://data.collectienederland.nl/resource/document/museum-belvedere/0745,"""Dukkers, Ed"""
http://data.collectienederland.nl/resource/document/museum-belvedere/1285,"""Dukkers, Ed"""
http://data.collectienederland.nl/resource/document/museum-belvedere/1286,"""Dukkers, Ed"""
http://data.collectienederland.nl/resource/document/museum-belvedere/1371,"""Dukkers, Ed"""
http://data.collectienederland.nl/resource/document/museum-belvedere/1438,"""Dukkers, Ed"""
http://data.collectienederland.nl/resource/document/museum-belvedere/1439,"""Dukkers, Ed"""
http://data.collectienederland.nl/resource/document/museum-belvedere/1440,"""Dukkers, Ed"""
http://data.collectienederland.nl/resource/document/museum-belvedere/1441,"""Dukkers, Ed"""
http://data.collectienederland.nl/resource/document/museum-belvedere/1442,"""Dukkers, Ed"""
http://data.collectienederland.nl/resource/document/museum-belvedere/1443,"""Dukkers, Ed"""
http://data.collectienederland.nl/resource/document/museum-belvedere/1444,"""Dukkers, Ed"""
http://data.collectienederland.nl/resource/document/museum-belvedere/1445,"""Dukkers, Ed"""
http://data.collectienederland.nl/resource/document/museum-belvedere/1446,"""Dukkers, Ed"""
http://data.collectienederland.nl/resource/document/museum-belvedere/1447,"""Dukkers, Ed"""
http://data.collectienederland.nl/resource/document/museum-belvedere/1448,"""Dukkers, Ed"""
http://data.collectienederland.nl/resource/document/museum-belvedere/1449,"""Dukkers, Ed"""
http://data.collectienederland.nl/resource/document/museum-belvedere/1450,"""Dukkers, Ed"""
http://data.collectienederland.nl/resource/document/museum-belvedere/1456,"""Dukkers, Ed"""
http://data.collectienederland.nl/resource/document/museum-belvedere/1457,"""Dukkers, Ed"""
http://data.collectienederland.nl/resource/document/museum-belvedere/1903,"""Dukkers, Ed"""
http://data.collectienederland.nl/resource/document/museum-belvedere/1904,"""Dukkers, Ed"""
http://data.collectienederland.nl/resource/document/museum-belvedere/0116,"""Schwitters, Kurt"""
http://data.collectienederland.nl/resource/document/museum-belvedere/0761,"""Schwitters, Kurt"""
http://data.collectienederland.nl/resource/document/museum-belvedere/0117,"""Rinsema, Thijs"""
http://data.collectienederland.nl/resource/document/museum-belvedere/0118,"""Rinsema, Thijs"""
http://data.collectienederland.nl/resource/document/museum-belvedere/0119,"""Rinsema, Thijs"""
http://data.collectienederland.nl/resource/document/museum-belvedere/0121,"""Rinsema, Thijs"""
http://data.collectienederland.nl/resource/document/museum-belvedere/0131,"""Rinsema, Thijs"""
http://data.collectienederland.nl/resource/document/museum-belvedere/0132,"""Rinsema, Thijs"""
http://data.collectienederland.nl/resource/document/museum-belvedere/0133,"""Rinsema, Thijs"""
http://data.collectienederland.nl/resource/document/museum-belvedere/0343,"""Rinsema, Thijs"""
http://data.collectienederland.nl/resource/document/museum-belvedere/0418,"""Rinsema, Thijs"""
http://data.collectienederland.nl/resource/document/museum-belvedere/0609,"""Rinsema, Thijs"""
http://data.collectienederland.nl/resource/document/museum-belvedere/0650,"""Rinsema, Thijs"""
http://data.collectienederland.nl/resource/document/museum-belvedere/0841,"""Rinsema, Thijs"""
http://data.collectienederland.nl/resource/document/museum-belvedere/0842,"""Rinsema, Thijs"""
http://data.collectienederland.nl/resource/document/museum-belvedere/1345,"""Rinsema, Thijs"""
http://data.collectienederland.nl/resource/document/museum-belvedere/1600,"""Rinsema, Thijs"""
http://data.collectienederland.nl/resource/document/museum-belvedere/0128,"""Doesburg, Theo van"""
http://data.collectienederland.nl/resource/document/museum-belvedere/0129,"""Doesburg, Theo van"""
http://data.collectienederland.nl/resource/document/museum-belvedere/0130,"""Doesburg, Theo van"""
http://data.collectienederland.nl/resource/document/museum-belvedere/0477,"""Doesburg, Theo van"""
http://data.collectienederland.nl/resource/document/museum-belvedere/0134,"""Beekman, Chris"""
http://data.collectienederland.nl/resource/document/museum-belvedere/0135,"""Rees, Otto van"""
http://data.collectienederland.nl/resource/document/museum-belvedere/0190,"""Rees, Otto van"""
http://data.collectienederland.nl/resource/document/museum-belvedere/0209,"""Rees, Otto van"""
http://data.collectienederland.nl/resource/document/museum-belvedere/0518,"""Rees, Otto van"""
http://data.collectienederland.nl/resource/document/museum-belvedere/0136,"""Huszar, Vilmos"""
http://data.collectienederland.nl/resource/document/museum-belvedere/0171,"""Huszar, Vilmos"""
http://data.collectienederland.nl/resource/document/museum-belvedere/0138,"""Joris, Jacques"""
http://data.collectienederland.nl/resource/document/museum-belvedere/0139,"""Alkema, Wobbe"""
http://data.collectienederland.nl/resource/document/museum-belvedere/0140,"""Lohmann, Theo"""
http://data.collectienederland.nl/resource/document/museum-belvedere/0901,"""Lohmann, Theo"""
http://data.collectienederland.nl/resource/document/museum-belvedere/0141,"""Loeber, Lou (Louise Marie)"""
http://data.collectienederland.nl/resource/document/museum-belvedere/0144,"""Loeber, Lou (Louise Marie)"""
http://data.collectienederland.nl/resource/document/museum-belvedere/0349,"""Loeber, Lou (Louise Marie)"""
http://data.collectienederland.nl/resource/document/museum-belvedere/0889,"""Loeber, Lou (Louise Marie)"""
http://data.collectienederland.nl/resource/document/museum-belvedere/0922,"""Loeber, Lou (Louise Marie)"""
http://data.collectienederland.nl/resource/document/museum-belvedere/0145,"""Herman, Simone"""
http://data.collectienederland.nl/resource/document/museum-belvedere/0147,"""Marle, Felix del"""
http://data.collectienederland.nl/resource/document/museum-belvedere/0155,"""Berg, Siep van den"""
http://data.collectienederland.nl/resource/document/museum-belvedere/0156,"""Berg, Siep van den"""
http://data.collectienederland.nl/resource/document/museum-belvedere/0679,"""Berg, Siep van den"""
http://data.collectienederland.nl/resource/document/museum-belvedere/0793,"""Berg, Siep van den"""
http://data.collectienederland.nl/resource/document/museum-belvedere/0944,"""Berg, Siep van den"""
http://data.collectienederland.nl/resource/document/museum-belvedere/1736,"""Berg, Siep van den"""
http://data.collectienederland.nl/resource/document/museum-belvedere/1737,"""Berg, Siep van den"""
http://data.collectienederland.nl/resource/document/museum-belvedere/1738,"""Berg, Siep van den"""
http://data.collectienederland.nl/resource/document/museum-belvedere/1741,"""Berg, Siep van den"""
http://data.collectienederland.nl/resource/document/museum-belvedere/1816,"""Berg, Siep van den"""
http://data.collectienederland.nl/resource/document/museum-belvedere/1817,"""Berg, Siep van den"""
http://data.collectienederland.nl/resource/document/museum-belvedere/1818,"""Berg, Siep van den"""
http://data.collectienederland.nl/resource/document/museum-belvedere/1826,"""Berg, Siep van den"""
http://data.collectienederland.nl/resource/document/museum-belvedere/0169,"""Anciaux, Germaine"""
http://data.collectienederland.nl/resource/document/museum-belvedere/0174,"""Bottema, Tjerk"""
http://data.collectienederland.nl/resource/document/museum-belvedere/0200,"""Bottema, Tjerk"""
http://data.collectienederland.nl/resource/document/museum-belvedere/0260,"""Bottema, Tjerk"""
http://data.collectienederland.nl/resource/document/museum-belvedere/0353,"""Bottema, Tjerk"""
http://data.collectienederland.nl/resource/document/museum-belvedere/0354,"""Bottema, Tjerk"""
http://data.collectienederland.nl/resource/document/museum-belvedere/0476,"""Bottema, Tjerk"""
http://data.collectienederland.nl/resource/document/museum-belvedere/0481,"""Bottema, Tjerk"""
http://data.collectienederland.nl/resource/document/museum-belvedere/0514,"""Bottema, Tjerk"""
http://data.collectienederland.nl/resource/document/museum-belvedere/0178,"""Moerman, Piet"""
http://data.collectienederland.nl/resource/document/museum-belvedere/0725,"""Moerman, Piet"""
http://data.collectienederland.nl/resource/document/museum-belvedere/1756,"""Moerman, Piet"""
http://data.collectienederland.nl/resource/document/museum-belvedere/0180,"""Mooy, Gerard"""
http://data.collectienederland.nl/resource/document/museum-belvedere/0593,"""Mooy, Gerard"""
http://data.collectienederland.nl/resource/document/museum-belvedere/0594,"""Mooy, Gerard"""
http://data.collectienederland.nl/resource/document/museum-belvedere/1334,"""Mooy, Gerard"""
http://data.collectienederland.nl/resource/document/museum-belvedere/1875,"""Mooy, Gerard"""
http://data.collectienederland.nl/resource/document/museum-belvedere/1876,"""Mooy, Gerard"""
http://data.collectienederland.nl/resource/document/museum-belvedere/1877,"""Mooy, Gerard"""
http://data.collectienederland.nl/resource/document/museum-belvedere/0183,"""Roos, Jan"""
http://data.collectienederland.nl/resource/document/museum-belvedere/0184,"""Roos, Jan"""
http://data.collectienederland.nl/resource/document/museum-belvedere/0567,"""Roos, Jan"""
http://data.collectienederland.nl/resource/document/museum-belvedere/0604,"""Roos, Jan"""
http://data.collectienederland.nl/resource/document/museum-belvedere/0605,"""Roos, Jan"""
http://data.collectienederland.nl/resource/document/museum-belvedere/0606,"""Roos, Jan"""
http://data.collectienederland.nl/resource/document/museum-belvedere/0914,"""Roos, Jan"""
http://data.collectienederland.nl/resource/document/museum-belvedere/1353,"""Roos, Jan"""
http://data.collectienederland.nl/resource/document/museum-belvedere/1536,"""Roos, Jan"""
http://data.collectienederland.nl/resource/document/museum-belvedere/1540,"""Roos, Jan"""
http://data.collectienederland.nl/resource/document/museum-belvedere/1541,"""Roos, Jan"""
http://data.collectienederland.nl/resource/document/museum-belvedere/1542,"""Roos, Jan"""
http://data.collectienederland.nl/resource/document/museum-belvedere/1559,"""Roos, Jan"""
http://data.collectienederland.nl/resource/document/museum-belvedere/1560,"""Roos, Jan"""
http://data.collectienederland.nl/resource/document/museum-belvedere/1564,"""Roos, Jan"""
http://data.collectienederland.nl/resource/document/museum-belvedere/1565,"""Roos, Jan"""
http://data.collectienederland.nl/resource/document/museum-belvedere/1566,"""Roos, Jan"""
http://data.collectienederland.nl/resource/document/museum-belvedere/1567,"""Roos, Jan"""
http://data.collectienederland.nl/resource/document/museum-belvedere/1568,"""Roos, Jan"""
http://data.collectienederland.nl/resource/document/museum-belvedere/1571,"""Roos, Jan"""
http://data.collectienederland.nl/resource/document/museum-belvedere/1572,"""Roos, Jan"""
http://data.collectienederland.nl/resource/document/museum-belvedere/1573,"""Roos, Jan"""
http://data.collectienederland.nl/resource/document/museum-belvedere/1574,"""Roos, Jan"""
http://data.collectienederland.nl/resource/document/museum-belvedere/1575,"""Roos, Jan"""
http://data.collectienederland.nl/resource/document/museum-belvedere/1576,"""Roos, Jan"""
http://data.collectienederland.nl/resource/document/museum-belvedere/1577,"""Roos, Jan"""
http://data.collectienederland.nl/resource/document/museum-belvedere/1578,"""Roos, Jan"""
http://data.collectienederland.nl/resource/document/museum-belvedere/1579,"""Roos, Jan"""
http://data.collectienederland.nl/resource/document/museum-belvedere/1757,"""Roos, Jan"""
http://data.collectienederland.nl/resource/document/museum-belvedere/0189,"""Zadkine, Ossip"""
http://data.collectienederland.nl/resource/document/museum-belvedere/0191,"""Morgan, Cole"""
http://data.collectienederland.nl/resource/document/museum-belvedere/0193,"""Sys, Maurice"""
http://data.collectienederland.nl/resource/document/museum-belvedere/0194,"""Nuncques, William Degouve de"""
http://data.collectienederland.nl/resource/document/museum-belvedere/0195,"""Kimpe, Reimond Jozef Pieter"""
http://data.collectienederland.nl/resource/document/museum-belvedere/0197,"""Gailliard, Jean Jacques"""
http://data.collectienederland.nl/resource/document/museum-belvedere/0364,"""Gailliard, Jean Jacques"""
http://data.collectienederland.nl/resource/document/museum-belvedere/0198,"""Schirren, Ferdinand"""
http://data.collectienederland.nl/resource/document/museum-belvedere/0202,"""Smet, Gustave Franciscus de"""
http://data.collectienederland.nl/resource/document/museum-belvedere/0203,"""Permeke, Constant"""
http://data.collectienederland.nl/resource/document/museum-belvedere/0517,"""Permeke, Constant"""
http://data.collectienederland.nl/resource/document/museum-belvedere/0876,"""Permeke, Constant"""
http://data.collectienederland.nl/resource/document/museum-belvedere/0204,"""Kimpe, R.J.P."""
http://data.collectienederland.nl/resource/document/museum-belvedere/0205,"""Feddema, Anne"""
http://data.collectienederland.nl/resource/document/museum-belvedere/0489,"""Feddema, Anne"""
http://data.collectienederland.nl/resource/document/museum-belvedere/0510,"""Feddema, Anne"""
http://data.collectienederland.nl/resource/document/museum-belvedere/0619,"""Feddema, Anne"""
http://data.collectienederland.nl/resource/document/museum-belvedere/1828,"""Feddema, Anne"""
http://data.collectienederland.nl/resource/document/museum-belvedere/1829,"""Feddema, Anne"""
http://data.collectienederland.nl/resource/document/museum-belvedere/1830,"""Feddema, Anne"""
http://data.collectienederland.nl/resource/document/museum-belvedere/0206,"""Michaux, John"""
http://data.collectienederland.nl/resource/document/museum-belvedere/0208,"""Kagie, Jan"""
http://data.collectienederland.nl/resource/document/museum-belvedere/0210,"""Nanninga, Jaap"""
http://data.collectienederland.nl/resource/document/museum-belvedere/1815,"""Nanninga, Jaap"""
http://data.collectienederland.nl/resource/document/museum-belvedere/0212,"""Stevens, Alfred"""
http://data.collectienederland.nl/resource/document/museum-belvedere/0213,"""Lemmen, George"""
http://data.collectienederland.nl/resource/document/museum-belvedere/0214,"""Spilliaert, Leon"""
http://data.collectienederland.nl/resource/document/museum-belvedere/0216,"""Hamstra, Jochem"""
http://data.collectienederland.nl/resource/document/museum-belvedere/0217,"""Hamstra, Jochem"""
http://data.collectienederland.nl/resource/document/museum-belvedere/0218,"""Hamstra, Jochem"""
http://data.collectienederland.nl/resource/document/museum-belvedere/0365,"""Hamstra, Jochem"""
http://data.collectienederland.nl/resource/document/museum-belvedere/0366,"""Hamstra, Jochem"""
http://data.collectienederland.nl/resource/document/museum-belvedere/0367,"""Hamstra, Jochem"""
http://data.collectienederland.nl/resource/document/museum-belvedere/0368,"""Hamstra, Jochem"""
http://data.collectienederland.nl/resource/document/museum-belvedere/0433,"""Hamstra, Jochem"""
http://data.collectienederland.nl/resource/document/museum-belvedere/0438,"""Hamstra, Jochem"""
http://data.collectienederland.nl/resource/document/museum-belvedere/0439,"""Hamstra, Jochem"""
http://data.collectienederland.nl/resource/document/museum-belvedere/0482,"""Hamstra, Jochem"""
http://data.collectienederland.nl/resource/document/museum-belvedere/0507,"""Hamstra, Jochem"""
http://data.collectienederland.nl/resource/document/museum-belvedere/0810,"""Hamstra, Jochem"""
http://data.collectienederland.nl/resource/document/museum-belvedere/0949,"""Hamstra, Jochem"""
http://data.collectienederland.nl/resource/document/museum-belvedere/0950,"""Hamstra, Jochem"""
http://data.collectienederland.nl/resource/document/museum-belvedere/0951,"""Hamstra, Jochem"""
http://data.collectienederland.nl/resource/document/museum-belvedere/0952,"""Hamstra, Jochem"""
http://data.collectienederland.nl/resource/document/museum-belvedere/1394,"""Hamstra, Jochem"""
http://data.collectienederland.nl/resource/document/museum-belvedere/1396,"""Hamstra, Jochem"""
http://data.collectienederland.nl/resource/document/museum-belvedere/1843,"""Hamstra, Jochem"""
http://data.collectienederland.nl/resource/document/museum-belvedere/1844,"""Hamstra, Jochem"""
http://data.collectienederland.nl/resource/document/museum-belvedere/1845,"""Hamstra, Jochem"""
http://data.collectienederland.nl/resource/document/museum-belvedere/1846,"""Hamstra, Jochem"""
http://data.collectienederland.nl/resource/document/museum-belvedere/1852,"""Hamstra, Jochem"""
http://data.collectienederland.nl/resource/document/museum-belvedere/0234,"""Postma, Rienold"""
http://data.collectienederland.nl/resource/document/museum-belvedere/0238,"""Postma, Rienold"""
http://data.collectienederland.nl/resource/document/museum-belvedere/0239,"""Postma, Rienold"""
http://data.collectienederland.nl/resource/document/museum-belvedere/0240,"""Postma, Rienold"""
http://data.collectienederland.nl/resource/document/museum-belvedere/0241,"""Postma, Rienold"""
http://data.collectienederland.nl/resource/document/museum-belvedere/0242,"""Postma, Rienold"""
http://data.collectienederland.nl/resource/document/museum-belvedere/0243,"""Postma, Rienold"""
http://data.collectienederland.nl/resource/document/museum-belvedere/0847,"""Postma, Rienold"""
http://data.collectienederland.nl/resource/document/museum-belvedere/0883,"""Postma, Rienold"""
http://data.collectienederland.nl/resource/document/museum-belvedere/0884,"""Postma, Rienold"""
http://data.collectienederland.nl/resource/document/museum-belvedere/0911,"""Postma, Rienold"""
http://data.collectienederland.nl/resource/document/museum-belvedere/0912,"""Postma, Rienold"""
http://data.collectienederland.nl/resource/document/museum-belvedere/0915,"""Postma, Rienold"""
http://data.collectienederland.nl/resource/document/museum-belvedere/0965,"""Postma, Rienold"""
http://data.collectienederland.nl/resource/document/museum-belvedere/0966,"""Postma, Rienold"""
http://data.collectienederland.nl/resource/document/museum-belvedere/0970,"""Postma, Rienold"""
http://data.collectienederland.nl/resource/document/museum-belvedere/1082,"""Postma, Rienold"""
http://data.collectienederland.nl/resource/document/museum-belvedere/1403,"""Postma, Rienold"""
http://data.collectienederland.nl/resource/document/museum-belvedere/0250,"""Hart Nibbrig, Ferdinand"""
http://data.collectienederland.nl/resource/document/museum-belvedere/0251,"""Geveke, Robert"""
http://data.collectienederland.nl/resource/document/museum-belvedere/0369,"""Geveke, Robert"""
http://data.collectienederland.nl/resource/document/museum-belvedere/0608,"""Geveke, Robert"""
http://data.collectienederland.nl/resource/document/museum-belvedere/0252,"""Gouwe, Adriaan Herman"""
http://data.collectienederland.nl/resource/document/museum-belvedere/0254,"""Maks, Kees"""
http://data.collectienederland.nl/resource/document/museum-belvedere/0707,"""Hansen, Job"""
http://data.collectienederland.nl/resource/document/museum-belvedere/0709,"""Hansen, Job"""
http://data.collectienederland.nl/resource/document/museum-belvedere/0710,"""Hansen, Job"""
http://data.collectienederland.nl/resource/document/museum-belvedere/0711,"""Hansen, Job"""
http://data.collectienederland.nl/resource/document/museum-belvedere/0712,"""Hansen, Job"""
http://data.collectienederland.nl/resource/document/museum-belvedere/0713,"""Hansen, Job"""
http://data.collectienederland.nl/resource/document/museum-belvedere/0714,"""Hansen, Job"""
http://data.collectienederland.nl/resource/document/museum-belvedere/1307,"""Hansen, Job"""
http://data.collectienederland.nl/resource/document/museum-belvedere/1308,"""Hansen, Job"""
http://data.collectienederland.nl/resource/document/museum-belvedere/1309,"""Hansen, Job"""
http://data.collectienederland.nl/resource/document/museum-belvedere/1310,"""Hansen, Job"""
http://data.collectienederland.nl/resource/document/museum-belvedere/0325,"""Charchoune, Serge"""
http://data.collectienederland.nl/resource/document/museum-belvedere/0338,"""Charchoune, Serge"""
http://data.collectienederland.nl/resource/document/museum-belvedere/0330,"""Balasz"""
http://data.collectienederland.nl/resource/document/museum-belvedere/0339,"""Alma, Peter"""
http://data.collectienederland.nl/resource/document/museum-belvedere/0564,"""Alma, Peter"""
http://data.collectienederland.nl/resource/document/museum-belvedere/0340,"""Mink, Gerrit"""
http://data.collectienederland.nl/resource/document/museum-belvedere/0341,"""Mink, Gerrit"""
http://data.collectienederland.nl/resource/document/museum-belvedere/0345,"""Domela Nieuwenhuis, Csar"""
http://data.collectienederland.nl/resource/document/museum-belvedere/0346,"""Nieweg, Jaap"""
http://data.collectienederland.nl/resource/document/museum-belvedere/0921,"""Nieweg, Jaap"""
http://data.collectienederland.nl/resource/document/museum-belvedere/0347,"""Hynckes, Raoul"""
http://data.collectienederland.nl/resource/document/museum-belvedere/0355,"""Zieleniewski, Kasimir"""
http://data.collectienederland.nl/resource/document/museum-belvedere/0356,"""Laet, A. de"""
http://data.collectienederland.nl/resource/document/museum-belvedere/0357,"""Deputter, Thomas"""
http://data.collectienederland.nl/resource/document/museum-belvedere/0387,"""Jurcka, Willem"""
http://data.collectienederland.nl/resource/document/museum-belvedere/0434,"""Jurcka, Willem"""
http://data.collectienederland.nl/resource/document/museum-belvedere/0436,"""Jurcka, Willem"""
http://data.collectienederland.nl/resource/document/museum-belvedere/0437,"""Jurcka, Willem"""
http://data.collectienederland.nl/resource/document/museum-belvedere/0443,"""Jurcka, Willem"""
http://data.collectienederland.nl/resource/document/museum-belvedere/0445,"""Jurcka, Willem"""
http://data.collectienederland.nl/resource/document/museum-belvedere/0448,"""Jurcka, Willem"""
http://data.collectienederland.nl/resource/document/museum-belvedere/0458,"""Jurcka, Willem"""
http://data.collectienederland.nl/resource/document/museum-belvedere/0485,"""Jurcka, Willem"""
http://data.collectienederland.nl/resource/document/museum-belvedere/0791,"""Jurcka, Willem"""
http://data.collectienederland.nl/resource/document/museum-belvedere/1284,"""Jurcka, Willem"""
http://data.collectienederland.nl/resource/document/museum-belvedere/1083,"""Bieruma Oosting, Jeanne"""
http://data.collectienederland.nl/resource/document/museum-belvedere/1084,"""Bieruma Oosting, Jeanne"""
http://data.collectienederland.nl/resource/document/museum-belvedere/1085,"""Bieruma Oosting, Jeanne"""
http://data.collectienederland.nl/resource/document/museum-belvedere/1086,"""Bieruma Oosting, Jeanne"""
http://data.collectienederland.nl/resource/document/museum-belvedere/1087,"""Bieruma Oosting, Jeanne"""
http://data.collectienederland.nl/resource/document/museum-belvedere/1088,"""Bieruma Oosting, Jeanne"""
http://data.collectienederland.nl/resource/document/museum-belvedere/1089,"""Bieruma Oosting, Jeanne"""
http://data.collectienederland.nl/resource/document/museum-belvedere/1090,"""Bieruma Oosting, Jeanne"""
http://data.collectienederland.nl/resource/document/museum-belvedere/1091,"""Bieruma Oosting, Jeanne"""
http://data.collectienederland.nl/resource/document/museum-belvedere/0432,"""Kort, A.W."""
http://data.collectienederland.nl/resource/document/museum-belvedere/0467,"""Zweep, Douwe van der"""
http://data.collectienederland.nl/resource/document/museum-belvedere/0835,"""Zweep, Douwe van der"""
http://data.collectienederland.nl/resource/document/museum-belvedere/0836,"""Zweep, Douwe van der"""
http://data.collectienederland.nl/resource/document/museum-belvedere/0471,"""Koopmans, Klaas"""
http://data.collectienederland.nl/resource/document/museum-belvedere/0533,"""Koopmans, Klaas"""
http://data.collectienederland.nl/resource/document/museum-belvedere/0535,"""Koopmans, Klaas"""
http://data.collectienederland.nl/resource/document/museum-belvedere/0539,"""Koopmans, Klaas"""
http://data.collectienederland.nl/resource/document/museum-belvedere/0607,"""Koopmans, Klaas"""
http://data.collectienederland.nl/resource/document/museum-belvedere/0848,"""Koopmans, Klaas"""
http://data.collectienederland.nl/resource/document/museum-belvedere/1401,"""Koopmans, Klaas"""
http://data.collectienederland.nl/resource/document/museum-belvedere/1402,"""Koopmans, Klaas"""
http://data.collectienederland.nl/resource/document/museum-belvedere/0661,"""Gubbels, Klaas"""
http://data.collectienederland.nl/resource/document/museum-belvedere/1299,"""Gubbels, Klaas"""
http://data.collectienederland.nl/resource/document/museum-belvedere/1300,"""Gubbels, Klaas"""
http://data.collectienederland.nl/resource/document/museum-belvedere/1524,"""Gubbels, Klaas"""
http://data.collectienederland.nl/resource/document/museum-belvedere/0487,"""Rood, Simon"""
http://data.collectienederland.nl/resource/document/museum-belvedere/0488,"""Rood, Simon"""
http://data.collectienederland.nl/resource/document/museum-belvedere/0503,"""Rood, Simon"""
http://data.collectienederland.nl/resource/document/museum-belvedere/0523,"""Rood, Simon"""
http://data.collectienederland.nl/resource/document/museum-belvedere/0620,"""Rood, Simon"""
http://data.collectienederland.nl/resource/document/museum-belvedere/0902,"""Rood, Simon"""
http://data.collectienederland.nl/resource/document/museum-belvedere/0903,"""Rood, Simon"""
http://data.collectienederland.nl/resource/document/museum-belvedere/0904,"""Rood, Simon"""
http://data.collectienederland.nl/resource/document/museum-belvedere/0905,"""Rood, Simon"""
http://data.collectienederland.nl/resource/document/museum-belvedere/1349,"""Rood, Simon"""
http://data.collectienederland.nl/resource/document/museum-belvedere/1350,"""Rood, Simon"""
http://data.collectienederland.nl/resource/document/museum-belvedere/0492,"""Schumacher, Wim"""
http://data.collectienederland.nl/resource/document/museum-belvedere/0499,"""Jong, Germ de"""
http://data.collectienederland.nl/resource/document/museum-belvedere/0506,"""Meijer, Dave"""
http://data.collectienederland.nl/resource/document/museum-belvedere/1453,"""Meijer, Dave"""
http://data.collectienederland.nl/resource/document/museum-belvedere/0532,"""Dallinga, Siert"""
http://data.collectienederland.nl/resource/document/museum-belvedere/0868,"""Dallinga, Siert"""
http://data.collectienederland.nl/resource/document/museum-belvedere/0546,"""Kuipers, Abe (1918-2016)"""
http://data.collectienederland.nl/resource/document/museum-belvedere/0556,"""Kamps, Joannes"""
http://data.collectienederland.nl/resource/document/museum-belvedere/0557,"""Haanstra, Johan"""
http://data.collectienederland.nl/resource/document/museum-belvedere/0846,"""Haanstra, Johan"""
http://data.collectienederland.nl/resource/document/museum-belvedere/0940,"""Haanstra, Johan"""
http://data.collectienederland.nl/resource/document/museum-belvedere/0941,"""Haanstra, Johan"""
http://data.collectienederland.nl/resource/document/museum-belvedere/0967,"""Haanstra, Johan"""
http://data.collectienederland.nl/resource/document/museum-belvedere/1301,"""Haanstra, Johan"""
http://data.collectienederland.nl/resource/document/museum-belvedere/1303,"""Haanstra, Johan"""
http://data.collectienederland.nl/resource/document/museum-belvedere/1304,"""Haanstra, Johan"""
http://data.collectienederland.nl/resource/document/museum-belvedere/0558,"""Wiersma, Ids"""
http://data.collectienederland.nl/resource/document/museum-belvedere/0559,"""Wiersma, Ids"""
http://data.collectienederland.nl/resource/document/museum-belvedere/0565,"""Nijland, Dick"""
http://data.collectienederland.nl/resource/document/museum-belvedere/1410,"""Raveel, Roger"""
http://data.collectienederland.nl/resource/document/museum-belvedere/0591,"""Haanstra, Folkert sr."""
http://data.collectienederland.nl/resource/document/museum-belvedere/0592,"""Haanstra, Folkert sr."""
http://data.collectienederland.nl/resource/document/museum-belvedere/0652,"""Janzen, Sjoerd"""
http://data.collectienederland.nl/resource/document/museum-belvedere/0653,"""Janzen, Sjoerd"""
http://data.collectienederland.nl/resource/document/museum-belvedere/0655,"""Peeter, Zoltin"""
http://data.collectienederland.nl/resource/document/museum-belvedere/0656,"""Geertsma, Sierd"""
http://data.collectienederland.nl/resource/document/museum-belvedere/0726,"""Abma, Harmen"""
http://data.collectienederland.nl/resource/document/museum-belvedere/0798,"""Abma, Harmen"""
http://data.collectienederland.nl/resource/document/museum-belvedere/0814,"""Abma, Harmen"""
http://data.collectienederland.nl/resource/document/museum-belvedere/0937,"""Abma, Harmen"""
http://data.collectienederland.nl/resource/document/museum-belvedere/0938,"""Abma, Harmen"""
http://data.collectienederland.nl/resource/document/museum-belvedere/0939,"""Abma, Harmen"""
http://data.collectienederland.nl/resource/document/museum-belvedere/1081,"""Abma, Harmen"""
http://data.collectienederland.nl/resource/document/museum-belvedere/1531,"""Abma, Harmen"""
http://data.collectienederland.nl/resource/document/museum-belvedere/1389,"""Loman, Jan"""
http://data.collectienederland.nl/resource/document/museum-belvedere/1390,"""Loman, Jan"""
http://data.collectienederland.nl/resource/document/museum-belvedere/1391,"""Loman, Jan"""
http://data.collectienederland.nl/resource/document/museum-belvedere/1831,"""Loman, Jan"""
http://data.collectienederland.nl/resource/document/museum-belvedere/1832,"""Loman, Jan"""
http://data.collectienederland.nl/resource/document/museum-belvedere/1833,"""Loman, Jan"""
http://data.collectienederland.nl/resource/document/museum-belvedere/1834,"""Loman, Jan"""
http://data.collectienederland.nl/resource/document/museum-belvedere/0684,"""Werkman, Fie"""
http://data.collectienederland.nl/resource/document/museum-belvedere/0933,"""Werkman, Fie"""
http://data.collectienederland.nl/resource/document/museum-belvedere/0934,"""Werkman, Fie"""
http://data.collectienederland.nl/resource/document/museum-belvedere/1360,"""Werkman, Fie"""
http://data.collectienederland.nl/resource/document/museum-belvedere/0688,"""Zee, Jan van der"""
http://data.collectienederland.nl/resource/document/museum-belvedere/0705,"""Zee, Jan van der"""
http://data.collectienederland.nl/resource/document/museum-belvedere/0706,"""Zee, Jan van der"""
http://data.collectienederland.nl/resource/document/museum-belvedere/1363,"""Zee, Jan van der"""
http://data.collectienederland.nl/resource/document/museum-belvedere/1364,"""Zee, Jan van der"""
http://data.collectienederland.nl/resource/document/museum-belvedere/1365,"""Zee, Jan van der"""
http://data.collectienederland.nl/resource/document/museum-belvedere/1366,"""Zee, Jan van der"""
http://data.collectienederland.nl/resource/document/museum-belvedere/1392,"""Zee, Jan van der"""
http://data.collectienederland.nl/resource/document/museum-belvedere/1727,"""Zee, Jan van der"""
http://data.collectienederland.nl/resource/document/museum-belvedere/0695,"""Altink, Jan"""
http://data.collectienederland.nl/resource/document/museum-belvedere/0696,"""Altink, Jan"""
http://data.collectienederland.nl/resource/document/museum-belvedere/0697,"""Altink, Jan"""
http://data.collectienederland.nl/resource/document/museum-belvedere/0715,"""Hooghiemstra, Tjibbe"""
http://data.collectienederland.nl/resource/document/museum-belvedere/0716,"""Hooghiemstra, Tjibbe"""
http://data.collectienederland.nl/resource/document/museum-belvedere/0717,"""Hooghiemstra, Tjibbe"""
http://data.collectienederland.nl/resource/document/museum-belvedere/0718,"""Hooghiemstra, Tjibbe"""
http://data.collectienederland.nl/resource/document/museum-belvedere/0719,"""Hooghiemstra, Tjibbe"""
http://data.collectienederland.nl/resource/document/museum-belvedere/0720,"""Hooghiemstra, Tjibbe"""
http://data.collectienederland.nl/resource/document/museum-belvedere/0721,"""Hooghiemstra, Tjibbe"""
http://data.collectienederland.nl/resource/document/museum-belvedere/0722,"""Hooghiemstra, Tjibbe"""
http://data.collectienederland.nl/resource/document/museum-belvedere/0723,"""Hooghiemstra, Tjibbe"""
http://data.collectienederland.nl/resource/document/museum-belvedere/0724,"""Hooghiemstra, Tjibbe"""
http://data.collectienederland.nl/resource/document/museum-belvedere/0942,"""Hooghiemstra, Tjibbe"""
http://data.collectienederland.nl/resource/document/museum-belvedere/1786,"""Hooghiemstra, Tjibbe"""
http://data.collectienederland.nl/resource/document/museum-belvedere/1853,"""Hooghiemstra, Tjibbe"""
http://data.collectienederland.nl/resource/document/museum-belvedere/0727,"""Hamel, Vincent"""
http://data.collectienederland.nl/resource/document/museum-belvedere/0728,"""Hamel, Vincent"""
http://data.collectienederland.nl/resource/document/museum-belvedere/1905,"""Hamel, Vincent"""
http://data.collectienederland.nl/resource/document/museum-belvedere/1906,"""Hamel, Vincent"""
http://data.collectienederland.nl/resource/document/museum-belvedere/0729,"""Oost, Albert"""
http://data.collectienederland.nl/resource/document/museum-belvedere/1336,"""Oost, Albert"""
http://data.collectienederland.nl/resource/document/museum-belvedere/1864,"""Oost, Albert"""
http://data.collectienederland.nl/resource/document/museum-belvedere/0736,"""Kaldenberg, Leen"""
http://data.collectienederland.nl/resource/document/museum-belvedere/0737,"""Kaldenberg, Leen"""
http://data.collectienederland.nl/resource/document/museum-belvedere/0738,"""Kaldenberg, Leen"""
http://data.collectienederland.nl/resource/document/museum-belvedere/0962,"""Kaldenberg, Leen"""
http://data.collectienederland.nl/resource/document/museum-belvedere/0968,"""Kaldenberg, Leen"""
http://data.collectienederland.nl/resource/document/museum-belvedere/0739,"""Pollack, Fred"""
http://data.collectienederland.nl/resource/document/museum-belvedere/0740,"""Pollack, Fred"""
http://data.collectienederland.nl/resource/document/museum-belvedere/1433,"""Pollack, Fred"""
http://data.collectienederland.nl/resource/document/museum-belvedere/1434,"""Pollack, Fred"""
http://data.collectienederland.nl/resource/document/museum-belvedere/1435,"""Pollack, Fred"""
http://data.collectienederland.nl/resource/document/museum-belvedere/1436,"""Pollack, Fred"""
http://data.collectienederland.nl/resource/document/museum-belvedere/1437,"""Pollack, Fred"""
http://data.collectienederland.nl/resource/document/museum-belvedere/1801,"""Pollack, Fred"""
http://data.collectienederland.nl/resource/document/museum-belvedere/1918,"""Pollack, Fred"""
http://data.collectienederland.nl/resource/document/museum-belvedere/1919,"""Pollack, Fred"""
http://data.collectienederland.nl/resource/document/museum-belvedere/1920,"""Pollack, Fred"""
http://data.collectienederland.nl/resource/document/museum-belvedere/1921,"""Pollack, Fred"""
http://data.collectienederland.nl/resource/document/museum-belvedere/1922,"""Pollack, Fred"""
http://data.collectienederland.nl/resource/document/museum-belvedere/0741,"""Huitema, Anne"""
http://data.collectienederland.nl/resource/document/museum-belvedere/0742,"""Huitema, Anne"""
http://data.collectienederland.nl/resource/document/museum-belvedere/0744,"""Nie, Eric de"""
http://data.collectienederland.nl/resource/document/museum-belvedere/0792,"""Nie, Eric de"""
http://data.collectienederland.nl/resource/document/museum-belvedere/1772,"""Nie, Eric de"""
http://data.collectienederland.nl/resource/document/museum-belvedere/1773,"""Nie, Eric de"""
http://data.collectienederland.nl/resource/document/museum-belvedere/1774,"""Nie, Eric de"""
http://data.collectienederland.nl/resource/document/museum-belvedere/1775,"""Nie, Eric de"""
http://data.collectienederland.nl/resource/document/museum-belvedere/1776,"""Nie, Eric de"""
http://data.collectienederland.nl/resource/document/museum-belvedere/1777,"""Nie, Eric de"""
http://data.collectienederland.nl/resource/document/museum-belvedere/1778,"""Nie, Eric de"""
http://data.collectienederland.nl/resource/document/museum-belvedere/0759,"""Jansen, Han"""
http://data.collectienederland.nl/resource/document/museum-belvedere/0760,"""Jansen, Han"""
http://data.collectienederland.nl/resource/document/museum-belvedere/0784,"""Jansen, Han"""
http://data.collectienederland.nl/resource/document/museum-belvedere/0785,"""Jansen, Han"""
http://data.collectienederland.nl/resource/document/museum-belvedere/0786,"""Jansen, Han"""
http://data.collectienederland.nl/resource/document/museum-belvedere/0787,"""Jansen, Han"""
http://data.collectienederland.nl/resource/document/museum-belvedere/0788,"""Jansen, Han"""
http://data.collectienederland.nl/resource/document/museum-belvedere/0789,"""Jansen, Han"""
http://data.collectienederland.nl/resource/document/museum-belvedere/0862,"""Jansen, Han"""
http://data.collectienederland.nl/resource/document/museum-belvedere/1515,"""Jansen, Han"""
http://data.collectienederland.nl/resource/document/museum-belvedere/1516,"""Jansen, Han"""
http://data.collectienederland.nl/resource/document/museum-belvedere/1517,"""Jansen, Han"""
http://data.collectienederland.nl/resource/document/museum-belvedere/1518,"""Jansen, Han"""
http://data.collectienederland.nl/resource/document/museum-belvedere/1519,"""Jansen, Han"""
http://data.collectienederland.nl/resource/document/museum-belvedere/0799,"""Biewenga, Wim"""
http://data.collectienederland.nl/resource/document/museum-belvedere/0800,"""Biewenga, Wim"""
http://data.collectienederland.nl/resource/document/museum-belvedere/0801,"""Biewenga, Wim"""
http://data.collectienederland.nl/resource/document/museum-belvedere/1752,"""Biewenga, Wim"""
http://data.collectienederland.nl/resource/document/museum-belvedere/1753,"""Biewenga, Wim"""
http://data.collectienederland.nl/resource/document/museum-belvedere/1865,"""Biewenga, Wim"""
http://data.collectienederland.nl/resource/document/museum-belvedere/0772,"""Klinkhamer, Han"""
http://data.collectienederland.nl/resource/document/museum-belvedere/0773,"""Klinkhamer, Han"""
http://data.collectienederland.nl/resource/document/museum-belvedere/0774,"""Klinkhamer, Han"""
http://data.collectienederland.nl/resource/document/museum-belvedere/0775,"""Klinkhamer, Han"""
http://data.collectienederland.nl/resource/document/museum-belvedere/0776,"""Klinkhamer, Han"""
http://data.collectienederland.nl/resource/document/museum-belvedere/0777,"""Klinkhamer, Han"""
http://data.collectienederland.nl/resource/document/museum-belvedere/0778,"""Klinkhamer, Han"""
http://data.collectienederland.nl/resource/document/museum-belvedere/0931,"""Klinkhamer, Han"""
http://data.collectienederland.nl/resource/document/museum-belvedere/1511,"""Klinkhamer, Han"""
http://data.collectienederland.nl/resource/document/museum-belvedere/1512,"""Klinkhamer, Han"""
http://data.collectienederland.nl/resource/document/museum-belvedere/0781,"""Zuurmond, Ronald"""
http://data.collectienederland.nl/resource/document/museum-belvedere/1331,"""Jong, Andr de"""
http://data.collectienederland.nl/resource/document/museum-belvedere/1621,"""Jong, Andr de"""
http://data.collectienederland.nl/resource/document/museum-belvedere/0802,"""Boer, Hans"""
http://data.collectienederland.nl/resource/document/museum-belvedere/0803,"""Boer, Hans"""
http://data.collectienederland.nl/resource/document/museum-belvedere/0804,"""Boer, Hans"""
http://data.collectienederland.nl/resource/document/museum-belvedere/0805,"""Boer, Hans"""
http://data.collectienederland.nl/resource/document/museum-belvedere/0808,"""Arkel, Dick van"""
http://data.collectienederland.nl/resource/document/museum-belvedere/0809,"""Arkel, Dick van"""
http://data.collectienederland.nl/resource/document/museum-belvedere/0820,"""Bleeker, Sies"""
http://data.collectienederland.nl/resource/document/museum-belvedere/0821,"""Bleeker, Sies"""
http://data.collectienederland.nl/resource/document/museum-belvedere/0822,"""Bleeker, Sies"""
http://data.collectienederland.nl/resource/document/museum-belvedere/0823,"""Bleeker, Sies"""
http://data.collectienederland.nl/resource/document/museum-belvedere/1405,"""Bleeker, Sies"""
http://data.collectienederland.nl/resource/document/museum-belvedere/0824,"""Schaperkotter, Gerardus Johannes"""
http://data.collectienederland.nl/resource/document/museum-belvedere/0826,"""Haas, Henri de"""
http://data.collectienederland.nl/resource/document/museum-belvedere/1476,"""Haas, Henri de"""
http://data.collectienederland.nl/resource/document/museum-belvedere/1477,"""Haas, Henri de"""
http://data.collectienederland.nl/resource/document/museum-belvedere/1478,"""Haas, Henri de"""
http://data.collectienederland.nl/resource/document/museum-belvedere/1479,"""Haas, Henri de"""
http://data.collectienederland.nl/resource/document/museum-belvedere/0829,"""Hillenius, Jaap"""
http://data.collectienederland.nl/resource/document/museum-belvedere/0830,"""Hillenius, Jaap"""
http://data.collectienederland.nl/resource/document/museum-belvedere/0831,"""Hillenius, Jaap"""
http://data.collectienederland.nl/resource/document/museum-belvedere/1819,"""Hillenius, Jaap"""
http://data.collectienederland.nl/resource/document/museum-belvedere/0833,"""Lucassen, Reinier"""
http://data.collectienederland.nl/resource/document/museum-belvedere/0991,"""Lucassen, Reinier"""
http://data.collectienederland.nl/resource/document/museum-belvedere/0992,"""Lucassen, Reinier"""
http://data.collectienederland.nl/resource/document/museum-belvedere/0834,"""Verkerk, Emo"""
http://data.collectienederland.nl/resource/document/museum-belvedere/0844,"""Dijkstra, Johan"""
http://data.collectienederland.nl/resource/document/museum-belvedere/0865,"""Armando"""
http://data.collectienederland.nl/resource/document/museum-belvedere/0869,"""Albert, Jos"""
http://data.collectienederland.nl/resource/document/museum-belvedere/0872,"""Karsen, Eduard"""
http://data.collectienederland.nl/resource/document/museum-belvedere/0877,"""Berghe, Frits van den"""
http://data.collectienederland.nl/resource/document/museum-belvedere/0893,"""Blaupot ten Cate, Annemarie"""
http://data.collectienederland.nl/resource/document/museum-belvedere/0908,"""Kolthoff, Mark"""
http://data.collectienederland.nl/resource/document/museum-belvedere/0923,"""Bried, Johannes"""
http://data.collectienederland.nl/resource/document/museum-belvedere/0932,"""Werkhoven, Isabella"""
http://data.collectienederland.nl/resource/document/museum-belvedere/1359,"""Werkhoven, Isabella"""
http://data.collectienederland.nl/resource/document/museum-belvedere/1802,"""Werkhoven, Isabella"""
http://data.collectienederland.nl/resource/document/museum-belvedere/0943,"""Vries, Henk de"""
http://data.collectienederland.nl/resource/document/museum-belvedere/0955,"""Mars, Ton"""
http://data.collectienederland.nl/resource/document/museum-belvedere/0961,"""Roder, Anke"""
http://data.collectienederland.nl/resource/document/museum-belvedere/1346,"""Roder, Anke"""
http://data.collectienederland.nl/resource/document/museum-belvedere/1347,"""Roder, Anke"""
http://data.collectienederland.nl/resource/document/museum-belvedere/1348,"""Roder, Anke"""
http://data.collectienederland.nl/resource/document/museum-belvedere/1729,"""Roder, Anke"""
http://data.collectienederland.nl/resource/document/museum-belvedere/1754,"""Roder, Anke"""
http://data.collectienederland.nl/resource/document/museum-belvedere/1755,"""Roder, Anke"""
http://data.collectienederland.nl/resource/document/museum-belvedere/1794,"""Roder, Anke"""
http://data.collectienederland.nl/resource/document/museum-belvedere/0963,"""Borst, Gnther Hans Karl"""
http://data.collectienederland.nl/resource/document/museum-belvedere/0964,"""Landsaat, Hans"""
http://data.collectienederland.nl/resource/document/museum-belvedere/1723,"""Landsaat, Hans"""
http://data.collectienederland.nl/resource/document/museum-belvedere/0982,"""Meulen, Tjalling van der"""
http://data.collectienederland.nl/resource/document/museum-belvedere/0983,"""Meulen, Tjalling van der"""
http://data.collectienederland.nl/resource/document/museum-belvedere/1327,"""Hussem, Willem"""
http://data.collectienederland.nl/resource/document/museum-belvedere/1328,"""Hussem, Willem"""
http://data.collectienederland.nl/resource/document/museum-belvedere/1329,"""Hussem, Willem"""
http://data.collectienederland.nl/resource/document/museum-belvedere/1388,"""Hussem, Willem"""
http://data.collectienederland.nl/resource/document/museum-belvedere/1520,"""Hussem, Willem"""
http://data.collectienederland.nl/resource/document/museum-belvedere/1779,"""Hussem, Willem"""
http://data.collectienederland.nl/resource/document/museum-belvedere/1803,"""Hussem, Willem"""
http://data.collectienederland.nl/resource/document/museum-belvedere/1812,"""Hussem, Willem"""
http://data.collectienederland.nl/resource/document/museum-belvedere/1813,"""Hussem, Willem"""
http://data.collectienederland.nl/resource/document/museum-belvedere/0993,"""Rinsema, Evert"""
http://data.collectienederland.nl/resource/document/museum-belvedere/1337,"""Pleysier, Huug"""
http://data.collectienederland.nl/resource/document/museum-belvedere/1767,"""Pleysier, Huug"""
http://data.collectienederland.nl/resource/document/museum-belvedere/1768,"""Pleysier, Huug"""
http://data.collectienederland.nl/resource/document/museum-belvedere/1770,"""Pleysier, Huug"""
http://data.collectienederland.nl/resource/document/museum-belvedere/1771,"""Pleysier, Huug"""
http://data.collectienederland.nl/resource/document/museum-belvedere/1030,"""Snijder, Jonas"""
http://data.collectienederland.nl/resource/document/museum-belvedere/1064,"""Haan, W.J. de"""
http://data.collectienederland.nl/resource/document/museum-belvedere/1066,"""Haan, W.J. de"""
http://data.collectienederland.nl/resource/document/museum-belvedere/1804,"""Haan, W.J. de"""
http://data.collectienederland.nl/resource/document/museum-belvedere/1073,"""Popma, Jentsje"""
http://data.collectienederland.nl/resource/document/museum-belvedere/1074,"""Popma, Jentsje"""
http://data.collectienederland.nl/resource/document/museum-belvedere/1287,"""Alphen, Jacques van"""
http://data.collectienederland.nl/resource/document/museum-belvedere/1288,"""Alphen, Jacques van"""
http://data.collectienederland.nl/resource/document/museum-belvedere/1289,"""Alphen, Jacques van"""
http://data.collectienederland.nl/resource/document/museum-belvedere/1290,"""Alphen, Jacques van"""
http://data.collectienederland.nl/resource/document/museum-belvedere/1291,"""Alphen, Jacques van"""
http://data.collectienederland.nl/resource/document/museum-belvedere/1305,"""Haaster, Bettie van"""
http://data.collectienederland.nl/resource/document/museum-belvedere/1306,"""Haaster, Bettie van"""
http://data.collectienederland.nl/resource/document/museum-belvedere/1311,"""Hansen, Johan"""
http://data.collectienederland.nl/resource/document/museum-belvedere/1908,"""Hansen, Johan"""
http://data.collectienederland.nl/resource/document/museum-belvedere/1358,"""Walon, Frans"""
http://data.collectienederland.nl/resource/document/museum-belvedere/1553,"""Walon, Frans"""
http://data.collectienederland.nl/resource/document/museum-belvedere/1871,"""Walon, Frans"""
http://data.collectienederland.nl/resource/document/museum-belvedere/1361,"""Wolfkamp, Harry"""
http://data.collectienederland.nl/resource/document/museum-belvedere/1362,"""Wolfkamp, Harry"""
http://data.collectienederland.nl/resource/document/museum-belvedere/1372,"""Evenhuis, Barteld"""
http://data.collectienederland.nl/resource/document/museum-belvedere/1397,"""Veen, Annemarie van"""
http://data.collectienederland.nl/resource/document/museum-belvedere/1400,"""Veen, Annemarie van"""
http://data.collectienederland.nl/resource/document/museum-belvedere/1399,"""Vries, Jan Murk de"""
http://data.collectienederland.nl/resource/document/museum-belvedere/1406,"""Bouma, Tineke"""
http://data.collectienederland.nl/resource/document/museum-belvedere/1407,"""Bouma, Tineke"""
http://data.collectienederland.nl/resource/document/museum-belvedere/1408,"""Bouma, Tineke"""
http://data.collectienederland.nl/resource/document/museum-belvedere/1451,"""Ydema, Eghnatius"""
http://data.collectienederland.nl/resource/document/museum-belvedere/1460,"""Kat, Otto B. de"""
http://data.collectienederland.nl/resource/document/museum-belvedere/1461,"""Kat, Otto B. de"""
http://data.collectienederland.nl/resource/document/museum-belvedere/1480,"""Kat, Otto B. de"""
http://data.collectienederland.nl/resource/document/museum-belvedere/1483,"""Kat, Otto B. de"""
http://data.collectienederland.nl/resource/document/museum-belvedere/1484,"""Kat, Otto B. de"""
http://data.collectienederland.nl/resource/document/museum-belvedere/1485,"""Kat, Otto B. de"""
http://data.collectienederland.nl/resource/document/museum-belvedere/1486,"""Kat, Otto B. de"""
http://data.collectienederland.nl/resource/document/museum-belvedere/1489,"""Kat, Otto B. de"""
http://data.collectienederland.nl/resource/document/museum-belvedere/1463,"""Timmerman, Els"""
http://data.collectienederland.nl/resource/document/museum-belvedere/1534,"""Timmerman, Els"""
http://data.collectienederland.nl/resource/document/museum-belvedere/1722,"""Timmerman, Els"""
http://data.collectienederland.nl/resource/document/museum-belvedere/1510,"""Plaat, Henri"""
http://data.collectienederland.nl/resource/document/museum-belvedere/1514,"""Moget, Piet"""
http://data.collectienederland.nl/resource/document/museum-belvedere/1526,"""Onbekend"""
http://data.collectienederland.nl/resource/document/museum-belvedere/1537,"""Onbekend"""
http://data.collectienederland.nl/resource/document/museum-belvedere/1538,"""Onbekend"""
http://data.collectienederland.nl/resource/document/museum-belvedere/1549,"""Onbekend"""
http://data.collectienederland.nl/resource/document/museum-belvedere/1550,"""Onbekend"""
http://data.collectienederland.nl/resource/document/museum-belvedere/1563,"""Onbekend"""
http://data.collectienederland.nl/resource/document/museum-belvedere/1527,"""Rinzema, Anton"""
http://data.collectienederland.nl/resource/document/museum-belvedere/1594,"""Rinzema, Anton"""
http://data.collectienederland.nl/resource/document/museum-belvedere/1532,"""Stoop, Francoise"""
http://data.collectienederland.nl/resource/document/museum-belvedere/1879,"""Stoop, Francoise"""
http://data.collectienederland.nl/resource/document/museum-belvedere/1556,"""Jordens, Jan Gerrit"""
http://data.collectienederland.nl/resource/document/museum-belvedere/1557,"""Jordens, Jan Gerrit"""
http://data.collectienederland.nl/resource/document/museum-belvedere/1814,"""Jordens, Jan Gerrit"""
http://data.collectienederland.nl/resource/document/museum-belvedere/1583,"""Knobbe, Wiebe"""
http://data.collectienederland.nl/resource/document/museum-belvedere/1584,"""Knobbe, Wiebe"""
http://data.collectienederland.nl/resource/document/museum-belvedere/1585,"""Knobbe, Wiebe"""
http://data.collectienederland.nl/resource/document/museum-belvedere/1586,"""Knobbe, Wiebe"""
http://data.collectienederland.nl/resource/document/museum-belvedere/1587,"""Knobbe, Wiebe"""
http://data.collectienederland.nl/resource/document/museum-belvedere/1588,"""Knobbe, Wiebe"""
http://data.collectienederland.nl/resource/document/museum-belvedere/1589,"""Knobbe, Wiebe"""
http://data.collectienederland.nl/resource/document/museum-belvedere/1590,"""Knobbe, Wiebe"""
http://data.collectienederland.nl/resource/document/museum-belvedere/1591,"""Knobbe, Wiebe"""
http://data.collectienederland.nl/resource/document/museum-belvedere/1592,"""Knobbe, Wiebe"""
http://data.collectienederland.nl/resource/document/museum-belvedere/1593,"""Knobbe, Wiebe"""
http://data.collectienederland.nl/resource/document/museum-belvedere/1748,"""Knobbe, Wiebe"""
http://data.collectienederland.nl/resource/document/museum-belvedere/1749,"""Knobbe, Wiebe"""
http://data.collectienederland.nl/resource/document/museum-belvedere/1750,"""Knobbe, Wiebe"""
http://data.collectienederland.nl/resource/document/museum-belvedere/1763,"""Knobbe, Wiebe"""
http://data.collectienederland.nl/resource/document/museum-belvedere/1764,"""Knobbe, Wiebe"""
http://data.collectienederland.nl/resource/document/museum-belvedere/1765,"""Knobbe, Wiebe"""
http://data.collectienederland.nl/resource/document/museum-belvedere/1766,"""Knobbe, Wiebe"""
http://data.collectienederland.nl/resource/document/museum-belvedere/1596,"""Graaf, Evert de"""
http://data.collectienederland.nl/resource/document/museum-belvedere/1598,"""Heerkens, Jos"""
http://data.collectienederland.nl/resource/document/museum-belvedere/1599,"""Sloot, Jentje van der"""
http://data.collectienederland.nl/resource/document/museum-belvedere/1622,"""Vries, Hendrik de"""
http://data.collectienederland.nl/resource/document/museum-belvedere/1623,"""Vries, Hendrik de"""
http://data.collectienederland.nl/resource/document/museum-belvedere/1624,"""Vries, Hendrik de"""
http://data.collectienederland.nl/resource/document/museum-belvedere/1625,"""Vries, Hendrik de"""
http://data.collectienederland.nl/resource/document/museum-belvedere/1739,"""Vries, Hendrik de"""
http://data.collectienederland.nl/resource/document/museum-belvedere/1703,"""Jongsma, Jantien"""
http://data.collectienederland.nl/resource/document/museum-belvedere/1704,"""Jongsma, Jantien"""
http://data.collectienederland.nl/resource/document/museum-belvedere/1705,"""Jongsma, Jantien"""
http://data.collectienederland.nl/resource/document/museum-belvedere/1706,"""Jongsma, Jantien"""
http://data.collectienederland.nl/resource/document/museum-belvedere/1707,"""Jongsma, Jantien"""
http://data.collectienederland.nl/resource/document/museum-belvedere/1708,"""Jongsma, Jantien"""
http://data.collectienederland.nl/resource/document/museum-belvedere/1709,"""Jongsma, Jantien"""
http://data.collectienederland.nl/resource/document/museum-belvedere/1710,"""Jongsma, Jantien"""
http://data.collectienederland.nl/resource/document/museum-belvedere/1711,"""Jongsma, Jantien"""
http://data.collectienederland.nl/resource/document/museum-belvedere/1712,"""Jongsma, Jantien"""
http://data.collectienederland.nl/resource/document/museum-belvedere/1730,"""Reisma. Cor"""
http://data.collectienederland.nl/resource/document/museum-belvedere/1822,"""Reisma. Cor"""
http://data.collectienederland.nl/resource/document/museum-belvedere/1734,"""Steendam, Johannes"""
http://data.collectienederland.nl/resource/document/museum-belvedere/1742,"""Haanstra, Folkert jr."""
http://data.collectienederland.nl/resource/document/museum-belvedere/1743,"""Haanstra, Folkert jr."""
http://data.collectienederland.nl/resource/document/museum-belvedere/1744,"""Bouman, Marije"""
http://data.collectienederland.nl/resource/document/museum-belvedere/1745,"""Bouman, Marije"""
http://data.collectienederland.nl/resource/document/museum-belvedere/1746,"""Bouman, Marije"""
http://data.collectienederland.nl/resource/document/museum-belvedere/1820,"""Bouman, Marije"""
http://data.collectienederland.nl/resource/document/museum-belvedere/1821,"""Bouman, Marije"""
http://data.collectienederland.nl/resource/document/museum-belvedere/1760,"""Hille, Hubert van"""
http://data.collectienederland.nl/resource/document/museum-belvedere/1761,"""Hille, Hubert van"""
http://data.collectienederland.nl/resource/document/museum-belvedere/1807,"""Hille, Hubert van"""
http://data.collectienederland.nl/resource/document/museum-belvedere/1762,"""Breed, Dirk"""
http://data.collectienederland.nl/resource/document/museum-belvedere/1880,"""Breed, Dirk"""
http://data.collectienederland.nl/resource/document/museum-belvedere/1780,"""Tissing, Martin"""
http://data.collectienederland.nl/resource/document/museum-belvedere/1847,"""Tissing, Martin"""
http://data.collectienederland.nl/resource/document/museum-belvedere/1781,"""Vermeule, Koen"""
http://data.collectienederland.nl/resource/document/museum-belvedere/1784,"""Kessler, Beppe"""
http://data.collectienederland.nl/resource/document/museum-belvedere/1785,"""Kessler, Beppe"""
http://data.collectienederland.nl/resource/document/museum-belvedere/1789,"""Berg, Jan van den"""
http://data.collectienederland.nl/resource/document/museum-belvedere/1805,"""Sinemus, Wim"""
http://data.collectienederland.nl/resource/document/museum-belvedere/1808,"""Duursma, Djurre"""
http://data.collectienederland.nl/resource/document/museum-belvedere/1810,"""Korten, Ren"""
http://data.collectienederland.nl/resource/document/museum-belvedere/1811,"""Korten, Ren"""
http://data.collectienederland.nl/resource/document/museum-belvedere/1827,"""Bogart, Bram"""
http://data.collectienederland.nl/resource/document/museum-belvedere/1835,"""Theys, Yvan"""
http://data.collectienederland.nl/resource/document/museum-belvedere/1836,"""Vermeir, Alfons"""
http://data.collectienederland.nl/resource/document/museum-belvedere/1837,"""Vermeir, Alfons"""
http://data.collectienederland.nl/resource/document/museum-belvedere/1838,"""Vermeir, Alfons"""
http://data.collectienederland.nl/resource/document/museum-belvedere/1839,"""Vermeir, Alfons"""
http://data.collectienederland.nl/resource/document/museum-belvedere/1911,"""Egberts, Otto"""
http://data.collectienederland.nl/resource/document/museum-belvedere/1912,"""Egberts, Otto"""
http://data.collectienederland.nl/resource/document/museum-belvedere/1913,"""Egberts, Otto"""
http://data.collectienederland.nl/resource/document/museum-belvedere/1914,"""Egberts, Otto"""
http://data.collectienederland.nl/resource/document/museum-belvedere/1915,"""Egberts, Otto"""
http://data.collectienederland.nl/resource/document/museum-belvedere/1916,"""Egberts, Otto"""
http://data.collectienederland.nl/resource/document/museum-belvedere/1881,"""Brusse, Mark"""
http://data.collectienederland.nl/resource/document/museum-belvedere/1895,"""Wiegers, Jan"""
http://data.collectienederland.nl/resource/document/museum-belvedere/1892,"""Vunderink, Coen"""
http://data.collectienederland.nl/resource/document/museum-belvedere/1893,"""Gennip, Jolanda van"""
http://data.collectienederland.nl/resource/document/museum-belvedere/1917,"""Feyter, Theo de"""
http://data.collectienederland.nl/resource/document/museum-belvedere/1923,"""Schrijver, Robertus"""
http://data.collectienederland.nl/resource/document/museum-belvedere/1924,"""Schrijver, Robertus"""
