http://data.collectienederland.nl/resource/document/rijksakademie/0928,http://vocab.getty.edu/aat/300404216
http://data.collectienederland.nl/resource/document/rijksakademie/0924,http://vocab.getty.edu/aat/300404216
http://data.collectienederland.nl/resource/document/rijksakademie/0956,http://vocab.getty.edu/aat/300404216
http://data.collectienederland.nl/resource/document/rijksakademie/0937,http://vocab.getty.edu/aat/300404216
http://data.collectienederland.nl/resource/document/rijksakademie/0898,http://vocab.getty.edu/aat/300404216
http://data.collectienederland.nl/resource/document/rijksakademie/0893,http://vocab.getty.edu/aat/300404216
http://data.collectienederland.nl/resource/document/rijksakademie/0731,http://vocab.getty.edu/aat/300404216
http://data.collectienederland.nl/resource/document/rijksakademie/0695,http://vocab.getty.edu/aat/300404216
http://data.collectienederland.nl/resource/document/rijksakademie/0936,http://vocab.getty.edu/aat/300404216
http://data.collectienederland.nl/resource/document/rijksakademie/0901,http://vocab.getty.edu/aat/300404216
http://data.collectienederland.nl/resource/document/rijksakademie/0888,http://vocab.getty.edu/aat/300404216
http://data.collectienederland.nl/resource/document/rijksakademie/0754,http://vocab.getty.edu/aat/300404216
http://data.collectienederland.nl/resource/document/rijksakademie/0938,http://vocab.getty.edu/aat/300404216
http://data.collectienederland.nl/resource/document/rijksakademie/0934,http://vocab.getty.edu/aat/300404216
http://data.collectienederland.nl/resource/document/rijksakademie/0930,http://vocab.getty.edu/aat/300404216
http://data.collectienederland.nl/resource/document/rijksakademie/0929,http://vocab.getty.edu/aat/300404216
http://data.collectienederland.nl/resource/document/rijksakademie/0775,http://vocab.getty.edu/aat/300404216
http://data.collectienederland.nl/resource/document/rijksakademie/0756,http://vocab.getty.edu/aat/300404216
http://data.collectienederland.nl/resource/document/rijksakademie/0741,http://vocab.getty.edu/aat/300404216
http://data.collectienederland.nl/resource/document/rijksakademie/0876,http://vocab.getty.edu/aat/300404216
http://data.collectienederland.nl/resource/document/rijksakademie/0753,http://vocab.getty.edu/aat/300404216
http://data.collectienederland.nl/resource/document/rijksakademie/0749,http://vocab.getty.edu/aat/300404216
http://data.collectienederland.nl/resource/document/rijksakademie/0719,http://vocab.getty.edu/aat/300404216
http://data.collectienederland.nl/resource/document/rijksakademie/0935,http://vocab.getty.edu/aat/300404216
http://data.collectienederland.nl/resource/document/rijksakademie/0932,http://vocab.getty.edu/aat/300404216
http://data.collectienederland.nl/resource/document/rijksakademie/0881,http://vocab.getty.edu/aat/300404216
http://data.collectienederland.nl/resource/document/rijksakademie/0736,http://vocab.getty.edu/aat/300404216
http://data.collectienederland.nl/resource/document/rijksakademie/0725,http://vocab.getty.edu/aat/300404216
http://data.collectienederland.nl/resource/document/rijksakademie/1138,http://vocab.getty.edu/aat/300404216
http://data.collectienederland.nl/resource/document/rijksakademie/1130,http://vocab.getty.edu/aat/300404216
http://data.collectienederland.nl/resource/document/rijksakademie/1127,http://vocab.getty.edu/aat/300404216
http://data.collectienederland.nl/resource/document/rijksakademie/1092,http://vocab.getty.edu/aat/300404216
http://data.collectienederland.nl/resource/document/rijksakademie/1081,http://vocab.getty.edu/aat/300404216
http://data.collectienederland.nl/resource/document/rijksakademie/0974D,http://vocab.getty.edu/aat/300404216
http://data.collectienederland.nl/resource/document/rijksakademie/1194,http://vocab.getty.edu/aat/300404216
http://data.collectienederland.nl/resource/document/rijksakademie/1158,http://vocab.getty.edu/aat/300404216
http://data.collectienederland.nl/resource/document/rijksakademie/1125,http://vocab.getty.edu/aat/300404216
http://data.collectienederland.nl/resource/document/rijksakademie/1108,http://vocab.getty.edu/aat/300404216
http://data.collectienederland.nl/resource/document/rijksakademie/1096,http://vocab.getty.edu/aat/300404216
http://data.collectienederland.nl/resource/document/rijksakademie/0974C,http://vocab.getty.edu/aat/300404216
http://data.collectienederland.nl/resource/document/rijksakademie/0974A,http://vocab.getty.edu/aat/300404216
http://data.collectienederland.nl/resource/document/rijksakademie/1485,http://vocab.getty.edu/aat/300404216
http://data.collectienederland.nl/resource/document/rijksakademie/1137,http://vocab.getty.edu/aat/300404216
http://data.collectienederland.nl/resource/document/rijksakademie/1135,http://vocab.getty.edu/aat/300404216
http://data.collectienederland.nl/resource/document/rijksakademie/1101,http://vocab.getty.edu/aat/300404216
http://data.collectienederland.nl/resource/document/rijksakademie/1156,http://vocab.getty.edu/aat/300404216
http://data.collectienederland.nl/resource/document/rijksakademie/1159,http://vocab.getty.edu/aat/300404216
http://data.collectienederland.nl/resource/document/rijksakademie/1091,http://vocab.getty.edu/aat/300404216
http://data.collectienederland.nl/resource/document/rijksakademie/0974B,http://vocab.getty.edu/aat/300404216
http://data.collectienederland.nl/resource/document/rijksakademie/1827,http://vocab.getty.edu/aat/300404216
http://data.collectienederland.nl/resource/document/rijksakademie/3006,http://vocab.getty.edu/aat/300404216
http://data.collectienederland.nl/resource/document/rijksakademie/1828,http://vocab.getty.edu/aat/300404216
http://data.collectienederland.nl/resource/document/rijksakademie/4101,http://vocab.getty.edu/aat/300404216
http://data.collectienederland.nl/resource/document/rijksakademie/4031,http://vocab.getty.edu/aat/300404216
http://data.collectienederland.nl/resource/document/rijksakademie/3178,http://vocab.getty.edu/aat/300404216
http://data.collectienederland.nl/resource/document/rijksakademie/3134,http://vocab.getty.edu/aat/300404216
http://data.collectienederland.nl/resource/document/rijksakademie/3112,http://vocab.getty.edu/aat/300404216
http://data.collectienederland.nl/resource/document/rijksakademie/3451,http://vocab.getty.edu/aat/300404216
http://data.collectienederland.nl/resource/document/rijksakademie/3079,http://vocab.getty.edu/aat/300404216
http://data.collectienederland.nl/resource/document/rijksakademie/4098,http://vocab.getty.edu/aat/300404216
http://data.collectienederland.nl/resource/document/rijksakademie/3179,http://vocab.getty.edu/aat/300404216
http://data.collectienederland.nl/resource/document/rijksakademie/5196,http://vocab.getty.edu/aat/300404216
http://data.collectienederland.nl/resource/document/rijksakademie/8202,http://vocab.getty.edu/aat/300404216
http://data.collectienederland.nl/resource/document/rijksakademie/8086,http://vocab.getty.edu/aat/300404216
http://data.collectienederland.nl/resource/document/rijksakademie/8041,http://vocab.getty.edu/aat/300404216
http://data.collectienederland.nl/resource/document/rijksakademie/8205,http://vocab.getty.edu/aat/300404216
http://data.collectienederland.nl/resource/document/rijksakademie/8204,http://vocab.getty.edu/aat/300404216
http://data.collectienederland.nl/resource/document/rijksakademie/8201,http://vocab.getty.edu/aat/300404216
http://data.collectienederland.nl/resource/document/rijksakademie/8199,http://vocab.getty.edu/aat/300404216
http://data.collectienederland.nl/resource/document/rijksakademie/8197,http://vocab.getty.edu/aat/300404216
http://data.collectienederland.nl/resource/document/rijksakademie/8198,http://vocab.getty.edu/aat/300404216
http://data.collectienederland.nl/resource/document/rijksakademie/8196,http://vocab.getty.edu/aat/300404216
http://data.collectienederland.nl/resource/document/rijksakademie/8203,http://vocab.getty.edu/aat/300404216
http://data.collectienederland.nl/resource/document/rijksakademie/8200,http://vocab.getty.edu/aat/300404216
http://data.collectienederland.nl/resource/document/rijksakademie/7025,http://vocab.getty.edu/aat/300404216
http://data.collectienederland.nl/resource/document/rijksakademie/9238,http://vocab.getty.edu/aat/300404216
http://data.collectienederland.nl/resource/document/rijksakademie/9154,http://vocab.getty.edu/aat/300404216
http://data.collectienederland.nl/resource/document/rijksakademie/9139,http://vocab.getty.edu/aat/300404216
http://data.collectienederland.nl/resource/document/rijksakademie/9115,http://vocab.getty.edu/aat/300404216
http://data.collectienederland.nl/resource/document/rijksakademie/9171,http://vocab.getty.edu/aat/300404216
http://data.collectienederland.nl/resource/document/rijksakademie/9170,http://vocab.getty.edu/aat/300404216
http://data.collectienederland.nl/resource/document/rijksakademie/9153,http://vocab.getty.edu/aat/300404216
http://data.collectienederland.nl/resource/document/rijksakademie/9104,http://vocab.getty.edu/aat/300404216
http://data.collectienederland.nl/resource/document/rijksakademie/9144,http://vocab.getty.edu/aat/300404216
http://data.collectienederland.nl/resource/document/rijksakademie/9114,http://vocab.getty.edu/aat/300404216
http://data.collectienederland.nl/resource/document/rijksakademie/9106,http://vocab.getty.edu/aat/300404216
http://data.collectienederland.nl/resource/document/rijksakademie/9239,http://vocab.getty.edu/aat/300404216
http://data.collectienederland.nl/resource/document/rijksakademie/9157,http://vocab.getty.edu/aat/300404216
http://data.collectienederland.nl/resource/document/rijksakademie/9152,http://vocab.getty.edu/aat/300404216
http://data.collectienederland.nl/resource/document/rijksakademie/9262,http://vocab.getty.edu/aat/300404216
http://data.collectienederland.nl/resource/document/rijksakademie/9380,http://vocab.getty.edu/aat/300404216
http://data.collectienederland.nl/resource/document/rijksakademie/9450,http://vocab.getty.edu/aat/300404216
http://data.collectienederland.nl/resource/document/rijksakademie/9263,http://vocab.getty.edu/aat/300404216
http://data.collectienederland.nl/resource/document/rijksakademie/9463,http://vocab.getty.edu/aat/300404216
http://data.collectienederland.nl/resource/document/rijksakademie/9381,http://vocab.getty.edu/aat/300404216
http://data.collectienederland.nl/resource/document/rijksakademie/9610,http://vocab.getty.edu/aat/300404216
http://data.collectienederland.nl/resource/document/rijksakademie/9608,http://vocab.getty.edu/aat/300404216
http://data.collectienederland.nl/resource/document/rijksakademie/9605,http://vocab.getty.edu/aat/300404216
http://data.collectienederland.nl/resource/document/rijksakademie/9609,http://vocab.getty.edu/aat/300404216
http://data.collectienederland.nl/resource/document/rijksakademie/9612,http://vocab.getty.edu/aat/300404216
http://data.collectienederland.nl/resource/document/rijksakademie/9599,http://vocab.getty.edu/aat/300404216
http://data.collectienederland.nl/resource/document/rijksakademie/1136,http://vocab.getty.edu/aat/300404216
http://data.collectienederland.nl/resource/document/rijksakademie/1150,http://vocab.getty.edu/aat/300404216
http://data.collectienederland.nl/resource/document/rijksakademie/1122,http://vocab.getty.edu/aat/300404216
http://data.collectienederland.nl/resource/document/rijksakademie/3165,http://vocab.getty.edu/aat/300404216
http://data.collectienederland.nl/resource/document/rijksakademie/9619,http://vocab.getty.edu/aat/300404216
http://data.collectienederland.nl/resource/document/rijksakademie/9618,http://vocab.getty.edu/aat/300404216
http://data.collectienederland.nl/resource/document/rijksakademie/9560,http://vocab.getty.edu/aat/300404216
http://data.collectienederland.nl/resource/document/rijksakademie/8213,http://vocab.getty.edu/aat/300404216
http://data.collectienederland.nl/resource/document/rijksakademie/6346,http://vocab.getty.edu/aat/300404216
http://data.collectienederland.nl/resource/document/rijksakademie/6225,http://vocab.getty.edu/aat/300404216
http://data.collectienederland.nl/resource/document/rijksakademie/6007A,http://vocab.getty.edu/aat/300404216
http://data.collectienederland.nl/resource/document/rijksakademie/5685,http://vocab.getty.edu/aat/300404216
http://data.collectienederland.nl/resource/document/rijksakademie/5669,http://vocab.getty.edu/aat/300404216
http://data.collectienederland.nl/resource/document/rijksakademie/9561,http://vocab.getty.edu/aat/300404216
http://data.collectienederland.nl/resource/document/rijksakademie/8214,http://vocab.getty.edu/aat/300404216
http://data.collectienederland.nl/resource/document/rijksakademie/6007B,http://vocab.getty.edu/aat/300404216
http://data.collectienederland.nl/resource/document/rijksakademie/6007C,http://vocab.getty.edu/aat/300404216
http://data.collectienederland.nl/resource/document/rijksakademie/1112,http://vocab.getty.edu/aat/300404216
http://data.collectienederland.nl/resource/document/rijksakademie/6683,http://vocab.getty.edu/aat/300404216
http://data.collectienederland.nl/resource/document/rijksakademie/3627O,http://vocab.getty.edu/aat/300404216
http://data.collectienederland.nl/resource/document/rijksakademie/3627M,http://vocab.getty.edu/aat/300404216
http://data.collectienederland.nl/resource/document/rijksakademie/3627K,http://vocab.getty.edu/aat/300404216
http://data.collectienederland.nl/resource/document/rijksakademie/3627I,http://vocab.getty.edu/aat/300404216
http://data.collectienederland.nl/resource/document/rijksakademie/3627G,http://vocab.getty.edu/aat/300404216
http://data.collectienederland.nl/resource/document/rijksakademie/3627E,http://vocab.getty.edu/aat/300404216
http://data.collectienederland.nl/resource/document/rijksakademie/3627C,http://vocab.getty.edu/aat/300404216
http://data.collectienederland.nl/resource/document/rijksakademie/3627A,http://vocab.getty.edu/aat/300404216
http://data.collectienederland.nl/resource/document/rijksakademie/3627N,http://vocab.getty.edu/aat/300404216
http://data.collectienederland.nl/resource/document/rijksakademie/3627L,http://vocab.getty.edu/aat/300404216
http://data.collectienederland.nl/resource/document/rijksakademie/3627J,http://vocab.getty.edu/aat/300404216
http://data.collectienederland.nl/resource/document/rijksakademie/3627H,http://vocab.getty.edu/aat/300404216
http://data.collectienederland.nl/resource/document/rijksakademie/3627B,http://vocab.getty.edu/aat/300404216
http://data.collectienederland.nl/resource/document/rijksakademie/3627,http://vocab.getty.edu/aat/300404216
http://data.collectienederland.nl/resource/document/rijksakademie/3627D,http://vocab.getty.edu/aat/300404216
http://data.collectienederland.nl/resource/document/rijksakademie/6682,http://vocab.getty.edu/aat/300404216
http://data.collectienederland.nl/resource/document/rijksakademie/3627F,http://vocab.getty.edu/aat/300404216
http://data.collectienederland.nl/resource/document/rijksakademie/S015,http://vocab.getty.edu/aat/300033618
http://data.collectienederland.nl/resource/document/rijksakademie/S059,http://vocab.getty.edu/aat/300033618
http://data.collectienederland.nl/resource/document/rijksakademie/S081,http://vocab.getty.edu/aat/300033618
http://data.collectienederland.nl/resource/document/rijksakademie/S078,http://vocab.getty.edu/aat/300033618
http://data.collectienederland.nl/resource/document/rijksakademie/S064,http://vocab.getty.edu/aat/300033618
http://data.collectienederland.nl/resource/document/rijksakademie/S006,http://vocab.getty.edu/aat/300033618
http://data.collectienederland.nl/resource/document/rijksakademie/S058,http://vocab.getty.edu/aat/300033618
http://data.collectienederland.nl/resource/document/rijksakademie/0933,http://vocab.getty.edu/aat/300033618
http://data.collectienederland.nl/resource/document/rijksakademie/1141,http://vocab.getty.edu/aat/300033618
http://data.collectienederland.nl/resource/document/rijksakademie/0939,http://vocab.getty.edu/aat/300033618
http://data.collectienederland.nl/resource/document/rijksakademie/0920,http://vocab.getty.edu/aat/300033618
http://data.collectienederland.nl/resource/document/rijksakademie/0917,http://vocab.getty.edu/aat/300033618
http://data.collectienederland.nl/resource/document/rijksakademie/1142,http://vocab.getty.edu/aat/300033618
http://data.collectienederland.nl/resource/document/rijksakademie/0927,http://vocab.getty.edu/aat/300033618
http://data.collectienederland.nl/resource/document/rijksakademie/0940,http://vocab.getty.edu/aat/300033618
http://data.collectienederland.nl/resource/document/rijksakademie/0918,http://vocab.getty.edu/aat/300033618
http://data.collectienederland.nl/resource/document/rijksakademie/0910,http://vocab.getty.edu/aat/300033618
http://data.collectienederland.nl/resource/document/rijksakademie/0889,http://vocab.getty.edu/aat/300033618
http://data.collectienederland.nl/resource/document/rijksakademie/4033,http://vocab.getty.edu/aat/300033618
http://data.collectienederland.nl/resource/document/rijksakademie/9549,http://vocab.getty.edu/aat/300033618
http://data.collectienederland.nl/resource/document/rijksakademie/8178,http://vocab.getty.edu/aat/300033618
http://data.collectienederland.nl/resource/document/rijksakademie/9551,http://vocab.getty.edu/aat/300033618
http://data.collectienederland.nl/resource/document/rijksakademie/5647,http://vocab.getty.edu/aat/300033618
http://data.collectienederland.nl/resource/document/rijksakademie/8179,http://vocab.getty.edu/aat/300033618
http://data.collectienederland.nl/resource/document/rijksakademie/8177,http://vocab.getty.edu/aat/300033618
http://data.collectienederland.nl/resource/document/rijksakademie/8173,http://vocab.getty.edu/aat/300033618
http://data.collectienederland.nl/resource/document/rijksakademie/9550,http://vocab.getty.edu/aat/300033618
http://data.collectienederland.nl/resource/document/rijksakademie/8216,http://vocab.getty.edu/aat/300033618
http://data.collectienederland.nl/resource/document/rijksakademie/7146,http://vocab.getty.edu/aat/300033618
http://data.collectienederland.nl/resource/document/rijksakademie/S155,http://vocab.getty.edu/aat/300033618
http://data.collectienederland.nl/resource/document/rijksakademie/S016,http://vocab.getty.edu/aat/300033618
http://data.collectienederland.nl/resource/document/rijksakademie/7144,http://vocab.getty.edu/aat/300033618
http://data.collectienederland.nl/resource/document/rijksakademie/7147,http://vocab.getty.edu/aat/300033618
http://data.collectienederland.nl/resource/document/rijksakademie/7145,http://vocab.getty.edu/aat/300033618
http://data.collectienederland.nl/resource/document/rijksakademie/S156,http://vocab.getty.edu/aat/300033618
http://data.collectienederland.nl/resource/document/rijksakademie/7148,http://vocab.getty.edu/aat/300033618
