"uri","creators","rkdartists_label","rkdartists_uri"
"http://data.collectienederland.nl/resource/document/van-abbe-museum/11","Karel Appel","Karel Appel","https://data.rkd.nl/artists/2208"
"http://data.collectienederland.nl/resource/document/van-abbe-museum/1493","Karel Appel","Karel Appel","https://data.rkd.nl/artists/2208"
"http://data.collectienederland.nl/resource/document/van-abbe-museum/4","Karel Appel","Karel Appel","https://data.rkd.nl/artists/2208"
"http://data.collectienederland.nl/resource/document/van-abbe-museum/5","Karel Appel","Karel Appel","https://data.rkd.nl/artists/2208"
"http://data.collectienederland.nl/resource/document/van-abbe-museum/6","Karel Appel","Karel Appel","https://data.rkd.nl/artists/2208"
"http://data.collectienederland.nl/resource/document/van-abbe-museum/7","Karel Appel","Karel Appel","https://data.rkd.nl/artists/2208"
"http://data.collectienederland.nl/resource/document/van-abbe-museum/94","Theo van Doesburg","Theo van Doesburg","https://data.rkd.nl/artists/23481"
"http://data.collectienederland.nl/resource/document/van-abbe-museum/101","Victor Dolphijn","Victor Dolphijn","https://data.rkd.nl/artists/23572"
"http://data.collectienederland.nl/resource/document/van-abbe-museum/190","Ellsworth Kelly","Ellsworth Kelly","https://data.rkd.nl/artists/43815"
"http://data.collectienederland.nl/resource/document/van-abbe-museum/102","Jacob Dooyewaard","Jacob Dooyewaard","https://data.rkd.nl/artists/23869"
"http://data.collectienederland.nl/resource/document/van-abbe-museum/103","Willem Dooyewaard","Willem Dooyewaard","https://data.rkd.nl/artists/23793"
"http://data.collectienederland.nl/resource/document/van-abbe-museum/104","Willem Dooyewaard","Willem Dooyewaard","https://data.rkd.nl/artists/23793"
"http://data.collectienederland.nl/resource/document/van-abbe-museum/777","Gerhard Richter","Gerhard Richter","https://data.rkd.nl/artists/66689"
"http://data.collectienederland.nl/resource/document/van-abbe-museum/892","Gerhard Richter","Gerhard Richter","https://data.rkd.nl/artists/66689"
"http://data.collectienederland.nl/resource/document/van-abbe-museum/105","Jean Dubuffet","Jean Dubuffet","https://data.rkd.nl/artists/24482"
"http://data.collectienederland.nl/resource/document/van-abbe-museum/108","Jean Dubuffet","Jean Dubuffet","https://data.rkd.nl/artists/24482"
"http://data.collectienederland.nl/resource/document/van-abbe-museum/169","Robert Indiana","Robert Indiana","https://data.rkd.nl/artists/41024"
"http://data.collectienederland.nl/resource/document/van-abbe-museum/1540","Georg Baselitz","Georg Baselitz","https://data.rkd.nl/artists/4869"
"http://data.collectienederland.nl/resource/document/van-abbe-museum/811","Georg Baselitz","Georg Baselitz","https://data.rkd.nl/artists/4869"
"http://data.collectienederland.nl/resource/document/van-abbe-museum/871","Georg Baselitz","Georg Baselitz","https://data.rkd.nl/artists/4869"
"http://data.collectienederland.nl/resource/document/van-abbe-museum/894","Georg Baselitz","Georg Baselitz","https://data.rkd.nl/artists/4869"
"http://data.collectienederland.nl/resource/document/van-abbe-museum/1080","Jan Stekelenburg","Jan Stekelenburg","https://data.rkd.nl/artists/74998"
"http://data.collectienederland.nl/resource/document/van-abbe-museum/456","Jan Stekelenburg","Jan Stekelenburg","https://data.rkd.nl/artists/74998"
"http://data.collectienederland.nl/resource/document/van-abbe-museum/1089","Daniel Buren","Daniel Buren","https://data.rkd.nl/artists/14127"
"http://data.collectienederland.nl/resource/document/van-abbe-museum/1090","Daniel Buren","Daniel Buren","https://data.rkd.nl/artists/14127"
"http://data.collectienederland.nl/resource/document/van-abbe-museum/1091","Daniel Buren","Daniel Buren","https://data.rkd.nl/artists/14127"
"http://data.collectienederland.nl/resource/document/van-abbe-museum/1092","Daniel Buren","Daniel Buren","https://data.rkd.nl/artists/14127"
"http://data.collectienederland.nl/resource/document/van-abbe-museum/1093","Daniel Buren","Daniel Buren","https://data.rkd.nl/artists/14127"
"http://data.collectienederland.nl/resource/document/van-abbe-museum/1094","Daniel Buren","Daniel Buren","https://data.rkd.nl/artists/14127"
"http://data.collectienederland.nl/resource/document/van-abbe-museum/1095","Daniel Buren","Daniel Buren","https://data.rkd.nl/artists/14127"
"http://data.collectienederland.nl/resource/document/van-abbe-museum/1096","Daniel Buren","Daniel Buren","https://data.rkd.nl/artists/14127"
"http://data.collectienederland.nl/resource/document/van-abbe-museum/1097","Daniel Buren","Daniel Buren","https://data.rkd.nl/artists/14127"
"http://data.collectienederland.nl/resource/document/van-abbe-museum/1098","Daniel Buren","Daniel Buren","https://data.rkd.nl/artists/14127"
"http://data.collectienederland.nl/resource/document/van-abbe-museum/1099","Daniel Buren","Daniel Buren","https://data.rkd.nl/artists/14127"
"http://data.collectienederland.nl/resource/document/van-abbe-museum/1100","Daniel Buren","Daniel Buren","https://data.rkd.nl/artists/14127"
"http://data.collectienederland.nl/resource/document/van-abbe-museum/1101","Daniel Buren","Daniel Buren","https://data.rkd.nl/artists/14127"
"http://data.collectienederland.nl/resource/document/van-abbe-museum/1102","Daniel Buren","Daniel Buren","https://data.rkd.nl/artists/14127"
"http://data.collectienederland.nl/resource/document/van-abbe-museum/1103","Daniel Buren","Daniel Buren","https://data.rkd.nl/artists/14127"
"http://data.collectienederland.nl/resource/document/van-abbe-museum/1104","Daniel Buren","Daniel Buren","https://data.rkd.nl/artists/14127"
"http://data.collectienederland.nl/resource/document/van-abbe-museum/1105","Daniel Buren","Daniel Buren","https://data.rkd.nl/artists/14127"
"http://data.collectienederland.nl/resource/document/van-abbe-museum/1106","Daniel Buren","Daniel Buren","https://data.rkd.nl/artists/14127"
"http://data.collectienederland.nl/resource/document/van-abbe-museum/710","Daniel Buren","Daniel Buren","https://data.rkd.nl/artists/14127"
"http://data.collectienederland.nl/resource/document/van-abbe-museum/754","Daniel Buren","Daniel Buren","https://data.rkd.nl/artists/14127"
"http://data.collectienederland.nl/resource/document/van-abbe-museum/1113","Markus Lüpertz","Markus Lüpertz","https://data.rkd.nl/artists/51242"
"http://data.collectienederland.nl/resource/document/van-abbe-museum/1538","Markus Lüpertz","Markus Lüpertz","https://data.rkd.nl/artists/51242"
"http://data.collectienederland.nl/resource/document/van-abbe-museum/869","Markus Lüpertz","Markus Lüpertz","https://data.rkd.nl/artists/51242"
"http://data.collectienederland.nl/resource/document/van-abbe-museum/1114","Gerhard Merz","Gerhard Merz","https://data.rkd.nl/artists/55449"
"http://data.collectienederland.nl/resource/document/van-abbe-museum/1116","Niele Toroni","Niele Toroni","https://data.rkd.nl/artists/98135"
"http://data.collectienederland.nl/resource/document/van-abbe-museum/112","Albert van Dijck","Albert van Dijck","https://data.rkd.nl/artists/22805"
"http://data.collectienederland.nl/resource/document/van-abbe-museum/1537","A. R. Penck","A. R. Penck",""
"http://data.collectienederland.nl/resource/document/van-abbe-museum/3017","A. R. Penck","A. R. Penck",""
"http://data.collectienederland.nl/resource/document/van-abbe-museum/838","A. R. Penck","A. R. Penck",""
"http://data.collectienederland.nl/resource/document/van-abbe-museum/1129","Martin Disler","Martin Disler","https://data.rkd.nl/artists/23296"
"http://data.collectienederland.nl/resource/document/van-abbe-museum/2363","John Baldessari","John Baldessari","https://data.rkd.nl/artists/3974"
"http://data.collectienederland.nl/resource/document/van-abbe-museum/1138","Bruce McLean","Bruce McLean","https://data.rkd.nl/artists/51793"
"http://data.collectienederland.nl/resource/document/van-abbe-museum/1139","Jirï Georg Dokoupil","Jirï Georg Dokoupil","https://data.rkd.nl/artists/23524"
"http://data.collectienederland.nl/resource/document/van-abbe-museum/1140","Jirï Georg Dokoupil","Jirï Georg Dokoupil","https://data.rkd.nl/artists/23524"
"http://data.collectienederland.nl/resource/document/van-abbe-museum/115","Max Ernst","Max Ernst","https://data.rkd.nl/artists/26545"
"http://data.collectienederland.nl/resource/document/van-abbe-museum/1153","Hermann Nitsch","Hermann Nitsch","https://data.rkd.nl/artists/59705"
"http://data.collectienederland.nl/resource/document/van-abbe-museum/1155","Hans van Hoek","Hans van Hoek","https://data.rkd.nl/artists/38756"
"http://data.collectienederland.nl/resource/document/van-abbe-museum/1652","Hans van Hoek","Hans van Hoek","https://data.rkd.nl/artists/38756"
"http://data.collectienederland.nl/resource/document/van-abbe-museum/749","Hans van Hoek","Hans van Hoek","https://data.rkd.nl/artists/38756"
"http://data.collectienederland.nl/resource/document/van-abbe-museum/1161","William Wiley","William Wiley","https://data.rkd.nl/artists/84521"
"http://data.collectienederland.nl/resource/document/van-abbe-museum/2682","Richard Paul Lohse","Richard Paul Lohse","https://data.rkd.nl/artists/50643"
"http://data.collectienederland.nl/resource/document/van-abbe-museum/544","Richard Paul Lohse","Richard Paul Lohse","https://data.rkd.nl/artists/50643"
"http://data.collectienederland.nl/resource/document/van-abbe-museum/870","Richard Paul Lohse","Richard Paul Lohse","https://data.rkd.nl/artists/50643"
"http://data.collectienederland.nl/resource/document/van-abbe-museum/1380","Henk Visch","Henk Visch","https://data.rkd.nl/artists/81218"
"http://data.collectienederland.nl/resource/document/van-abbe-museum/1381","Henk Visch","Henk Visch","https://data.rkd.nl/artists/81218"
"http://data.collectienederland.nl/resource/document/van-abbe-museum/1382","Henk Visch","Henk Visch","https://data.rkd.nl/artists/81218"
"http://data.collectienederland.nl/resource/document/van-abbe-museum/1383","Henk Visch","Henk Visch","https://data.rkd.nl/artists/81218"
"http://data.collectienederland.nl/resource/document/van-abbe-museum/1384","Henk Visch","Henk Visch","https://data.rkd.nl/artists/81218"
"http://data.collectienederland.nl/resource/document/van-abbe-museum/1385","Henk Visch","Henk Visch","https://data.rkd.nl/artists/81218"
"http://data.collectienederland.nl/resource/document/van-abbe-museum/1386","Henk Visch","Henk Visch","https://data.rkd.nl/artists/81218"
"http://data.collectienederland.nl/resource/document/van-abbe-museum/1410","Henk Visch","Henk Visch","https://data.rkd.nl/artists/81218"
"http://data.collectienederland.nl/resource/document/van-abbe-museum/1411","Henk Visch","Henk Visch","https://data.rkd.nl/artists/81218"
"http://data.collectienederland.nl/resource/document/van-abbe-museum/1412","Henk Visch","Henk Visch","https://data.rkd.nl/artists/81218"
"http://data.collectienederland.nl/resource/document/van-abbe-museum/1413","Henk Visch","Henk Visch","https://data.rkd.nl/artists/81218"
"http://data.collectienederland.nl/resource/document/van-abbe-museum/1414","Henk Visch","Henk Visch","https://data.rkd.nl/artists/81218"
"http://data.collectienederland.nl/resource/document/van-abbe-museum/1415","Henk Visch","Henk Visch","https://data.rkd.nl/artists/81218"
"http://data.collectienederland.nl/resource/document/van-abbe-museum/1416","Henk Visch","Henk Visch","https://data.rkd.nl/artists/81218"
"http://data.collectienederland.nl/resource/document/van-abbe-museum/1417","Henk Visch","Henk Visch","https://data.rkd.nl/artists/81218"
"http://data.collectienederland.nl/resource/document/van-abbe-museum/1177","Joan Jonas","Joan Jonas","https://data.rkd.nl/artists/42500"
"http://data.collectienederland.nl/resource/document/van-abbe-museum/119","Charles Eyck","Charles Eyck","https://data.rkd.nl/artists/26953"
"http://data.collectienederland.nl/resource/document/van-abbe-museum/120","Charles Eyck","Charles Eyck","https://data.rkd.nl/artists/26953"
"http://data.collectienederland.nl/resource/document/van-abbe-museum/12","Shusaku Arakawa","Shusaku Arakawa","https://data.rkd.nl/artists/2261"
"http://data.collectienederland.nl/resource/document/van-abbe-museum/121","Jan van Eyk","Jan van Eyk","https://data.rkd.nl/artists/26980"
"http://data.collectienederland.nl/resource/document/van-abbe-museum/122","Henri Victor Gabriel Le Fauconnier","Henri Victor Gabriel Le Fauconnier","https://data.rkd.nl/artists/98506"
"http://data.collectienederland.nl/resource/document/van-abbe-museum/123","Edgar Fernhout","Edgar Fernhout","https://data.rkd.nl/artists/27726"
"http://data.collectienederland.nl/resource/document/van-abbe-museum/124","Edgar Fernhout","Edgar Fernhout","https://data.rkd.nl/artists/27726"
"http://data.collectienederland.nl/resource/document/van-abbe-museum/1546","Edgar Fernhout","Edgar Fernhout","https://data.rkd.nl/artists/27726"
"http://data.collectienederland.nl/resource/document/van-abbe-museum/1746","Edgar Fernhout","Edgar Fernhout","https://data.rkd.nl/artists/27726"
"http://data.collectienederland.nl/resource/document/van-abbe-museum/1862","Edgar Fernhout","Edgar Fernhout","https://data.rkd.nl/artists/27726"
"http://data.collectienederland.nl/resource/document/van-abbe-museum/713","Edgar Fernhout","Edgar Fernhout","https://data.rkd.nl/artists/27726"
"http://data.collectienederland.nl/resource/document/van-abbe-museum/128","Sam Francis","Sam Francis","https://data.rkd.nl/artists/28965"
"http://data.collectienederland.nl/resource/document/van-abbe-museum/129","Johannes Franken","Johannes Franken","https://data.rkd.nl/artists/463077"
"http://data.collectienederland.nl/resource/document/van-abbe-museum/131","Leo Gestel","Leo Gestel","https://data.rkd.nl/artists/31221"
"http://data.collectienederland.nl/resource/document/van-abbe-museum/134","Juan Gris","Juan Gris","https://data.rkd.nl/artists/33914"
"http://data.collectienederland.nl/resource/document/van-abbe-museum/135","Guercino","Guercino","https://data.rkd.nl/artists/34463"
"http://data.collectienederland.nl/resource/document/van-abbe-museum/138","Hans Hartung","Hans Hartung","https://data.rkd.nl/artists/36309"
"http://data.collectienederland.nl/resource/document/van-abbe-museum/139","Jan van Heel","Jan van Heel","https://data.rkd.nl/artists/36834"
"http://data.collectienederland.nl/resource/document/van-abbe-museum/1398","Pieter Stoop","Pieter Stoop","https://data.rkd.nl/artists/75496"
"http://data.collectienederland.nl/resource/document/van-abbe-museum/1488","Pieter Stoop","Pieter Stoop","https://data.rkd.nl/artists/75496"
"http://data.collectienederland.nl/resource/document/van-abbe-museum/1632","Pieter Stoop","Pieter Stoop","https://data.rkd.nl/artists/75496"
"http://data.collectienederland.nl/resource/document/van-abbe-museum/765","Pieter Stoop","Pieter Stoop","https://data.rkd.nl/artists/75496"
"http://data.collectienederland.nl/resource/document/van-abbe-museum/854","Pieter Stoop","Pieter Stoop","https://data.rkd.nl/artists/75496"
"http://data.collectienederland.nl/resource/document/van-abbe-museum/1403","René Daniëls","René Daniëls","https://data.rkd.nl/artists/19980"
"http://data.collectienederland.nl/resource/document/van-abbe-museum/1463","René Daniëls","René Daniëls","https://data.rkd.nl/artists/19980"
"http://data.collectienederland.nl/resource/document/van-abbe-museum/1513","René Daniëls","René Daniëls","https://data.rkd.nl/artists/19980"
"http://data.collectienederland.nl/resource/document/van-abbe-museum/1514","René Daniëls","René Daniëls","https://data.rkd.nl/artists/19980"
"http://data.collectienederland.nl/resource/document/van-abbe-museum/1564","René Daniëls","René Daniëls","https://data.rkd.nl/artists/19980"
"http://data.collectienederland.nl/resource/document/van-abbe-museum/1788","René Daniëls","René Daniëls","https://data.rkd.nl/artists/19980"
"http://data.collectienederland.nl/resource/document/van-abbe-museum/1789","René Daniëls","René Daniëls","https://data.rkd.nl/artists/19980"
"http://data.collectienederland.nl/resource/document/van-abbe-museum/900","René Daniëls","René Daniëls","https://data.rkd.nl/artists/19980"
"http://data.collectienederland.nl/resource/document/van-abbe-museum/901","René Daniëls","René Daniëls","https://data.rkd.nl/artists/19980"
"http://data.collectienederland.nl/resource/document/van-abbe-museum/1409","Willem Adams","Willem Adams","https://data.rkd.nl/artists/413"
"http://data.collectienederland.nl/resource/document/van-abbe-museum/772","Willem Adams","Willem Adams","https://data.rkd.nl/artists/413"
"http://data.collectienederland.nl/resource/document/van-abbe-museum/1418","Thomas van der Linden","Thomas van der Linden","https://data.rkd.nl/artists/116417"
"http://data.collectienederland.nl/resource/document/van-abbe-museum/1447","Thomas van der Linden","Thomas van der Linden","https://data.rkd.nl/artists/116417"
"http://data.collectienederland.nl/resource/document/van-abbe-museum/1615","Thomas van der Linden","Thomas van der Linden","https://data.rkd.nl/artists/116417"
"http://data.collectienederland.nl/resource/document/van-abbe-museum/142","Georg Hering","Georg Hering","https://data.rkd.nl/artists/37756"
"http://data.collectienederland.nl/resource/document/van-abbe-museum/143","Jan van Herwijnen","Jan van Herwijnen","https://data.rkd.nl/artists/37992"
"http://data.collectienederland.nl/resource/document/van-abbe-museum/1635","Guido Lippens","Guido Lippens","https://data.rkd.nl/artists/50328"
"http://data.collectienederland.nl/resource/document/van-abbe-museum/1828","Guido Lippens","Guido Lippens","https://data.rkd.nl/artists/50328"
"http://data.collectienederland.nl/resource/document/van-abbe-museum/1829","Guido Lippens","Guido Lippens","https://data.rkd.nl/artists/50328"
"http://data.collectienederland.nl/resource/document/van-abbe-museum/1433","Gerard Verdijk","Gerard Verdijk","https://data.rkd.nl/artists/80155"
"http://data.collectienederland.nl/resource/document/van-abbe-museum/1607","Toon Verhoef","Toon Verhoef","https://data.rkd.nl/artists/80341"
"http://data.collectienederland.nl/resource/document/van-abbe-museum/932","Toon Verhoef","Toon Verhoef","https://data.rkd.nl/artists/80341"
"http://data.collectienederland.nl/resource/document/van-abbe-museum/1489","Jo Baer","Jo Baer","https://data.rkd.nl/artists/3494"
"http://data.collectienederland.nl/resource/document/van-abbe-museum/857","Jo Baer","Jo Baer","https://data.rkd.nl/artists/3494"
"http://data.collectienederland.nl/resource/document/van-abbe-museum/1456","Marlene Dumas","Marlene Dumas","https://data.rkd.nl/artists/24755"
"http://data.collectienederland.nl/resource/document/van-abbe-museum/1457","Marlene Dumas","Marlene Dumas","https://data.rkd.nl/artists/24755"
"http://data.collectienederland.nl/resource/document/van-abbe-museum/1634","Marlene Dumas","Marlene Dumas","https://data.rkd.nl/artists/24755"
"http://data.collectienederland.nl/resource/document/van-abbe-museum/1936","Marlene Dumas","Marlene Dumas","https://data.rkd.nl/artists/24755"
"http://data.collectienederland.nl/resource/document/van-abbe-museum/2180","Marlene Dumas","Marlene Dumas","https://data.rkd.nl/artists/24755"
"http://data.collectienederland.nl/resource/document/van-abbe-museum/1460","Jan Roeland","Jan Roeland","https://data.rkd.nl/artists/67583"
"http://data.collectienederland.nl/resource/document/van-abbe-museum/1472","Nicola de Maria","Nicola de Maria","https://data.rkd.nl/artists/52595"
"http://data.collectienederland.nl/resource/document/van-abbe-museum/1475","Roger Raveel","Roger Raveel","https://data.rkd.nl/artists/65722"
"http://data.collectienederland.nl/resource/document/van-abbe-museum/1476","Roger Raveel","Roger Raveel","https://data.rkd.nl/artists/65722"
"http://data.collectienederland.nl/resource/document/van-abbe-museum/1545","Roger Raveel","Roger Raveel","https://data.rkd.nl/artists/65722"
"http://data.collectienederland.nl/resource/document/van-abbe-museum/2427","Theo Kuijpers","Theo Kuijpers","https://data.rkd.nl/artists/47032"
"http://data.collectienederland.nl/resource/document/van-abbe-museum/1498","David Salle","David Salle","https://data.rkd.nl/artists/69392"
"http://data.collectienederland.nl/resource/document/van-abbe-museum/1499","Christian Ludwig Attersee","Christian Ludwig Attersee","https://data.rkd.nl/artists/2872"
"http://data.collectienederland.nl/resource/document/van-abbe-museum/15","Sebastinus Johannes Bakermans","Sebastinus Johannes Bakermans",""
"http://data.collectienederland.nl/resource/document/van-abbe-museum/317","Lucebert","Lucebert","https://data.rkd.nl/artists/51181"
"http://data.collectienederland.nl/resource/document/van-abbe-museum/318","Lucebert","Lucebert","https://data.rkd.nl/artists/51181"
"http://data.collectienederland.nl/resource/document/van-abbe-museum/319","Lucebert","Lucebert","https://data.rkd.nl/artists/51181"
"http://data.collectienederland.nl/resource/document/van-abbe-museum/583","Lucebert","Lucebert","https://data.rkd.nl/artists/51181"
"http://data.collectienederland.nl/resource/document/van-abbe-museum/1512","Bert Hermens","Bert Hermens","https://data.rkd.nl/artists/37830"
"http://data.collectienederland.nl/resource/document/van-abbe-museum/1835","Bert Hermens","Bert Hermens","https://data.rkd.nl/artists/37830"
"http://data.collectienederland.nl/resource/document/van-abbe-museum/1836","Bert Hermens","Bert Hermens","https://data.rkd.nl/artists/37830"
"http://data.collectienederland.nl/resource/document/van-abbe-museum/2396","Bert Hermens","Bert Hermens","https://data.rkd.nl/artists/37830"
"http://data.collectienederland.nl/resource/document/van-abbe-museum/2397","Bert Hermens","Bert Hermens","https://data.rkd.nl/artists/37830"
"http://data.collectienederland.nl/resource/document/van-abbe-museum/2398","Bert Hermens","Bert Hermens","https://data.rkd.nl/artists/37830"
"http://data.collectienederland.nl/resource/document/van-abbe-museum/1517","Reinier Lucassen","Reinier Lucassen","https://data.rkd.nl/artists/51175"
"http://data.collectienederland.nl/resource/document/van-abbe-museum/738","Reinier Lucassen","Reinier Lucassen","https://data.rkd.nl/artists/51175"
"http://data.collectienederland.nl/resource/document/van-abbe-museum/1519","Eugène Leroy","Eugène Leroy","https://data.rkd.nl/artists/49554"
"http://data.collectienederland.nl/resource/document/van-abbe-museum/1627","Walter Dahn","Walter Dahn","https://data.rkd.nl/artists/19700"
"http://data.collectienederland.nl/resource/document/van-abbe-museum/1536","Per Kirkeby","Per Kirkeby","https://data.rkd.nl/artists/44489"
"http://data.collectienederland.nl/resource/document/van-abbe-museum/889","Per Kirkeby","Per Kirkeby","https://data.rkd.nl/artists/44489"
"http://data.collectienederland.nl/resource/document/van-abbe-museum/891","Per Kirkeby","Per Kirkeby","https://data.rkd.nl/artists/44489"
"http://data.collectienederland.nl/resource/document/van-abbe-museum/1539","Alan Charlton","Alan Charlton","https://data.rkd.nl/artists/114974"
"http://data.collectienederland.nl/resource/document/van-abbe-museum/724","Alan Charlton","Alan Charlton","https://data.rkd.nl/artists/114974"
"http://data.collectienederland.nl/resource/document/van-abbe-museum/813","Alan Charlton","Alan Charlton","https://data.rkd.nl/artists/114974"
"http://data.collectienederland.nl/resource/document/van-abbe-museum/910","Alan Charlton","Alan Charlton","https://data.rkd.nl/artists/114974"
"http://data.collectienederland.nl/resource/document/van-abbe-museum/1549","Eli Content","Eli Content","https://data.rkd.nl/artists/18028"
"http://data.collectienederland.nl/resource/document/van-abbe-museum/1550","Eli Content","Eli Content","https://data.rkd.nl/artists/18028"
"http://data.collectienederland.nl/resource/document/van-abbe-museum/2677","JCJ VANDERHEYDEN","JCJ VANDERHEYDEN","https://data.rkd.nl/artists/38226"
"http://data.collectienederland.nl/resource/document/van-abbe-museum/2690","JCJ VANDERHEYDEN","JCJ VANDERHEYDEN","https://data.rkd.nl/artists/38226"
"http://data.collectienederland.nl/resource/document/van-abbe-museum/3080","JCJ VANDERHEYDEN","JCJ VANDERHEYDEN","https://data.rkd.nl/artists/38226"
"http://data.collectienederland.nl/resource/document/van-abbe-museum/160","Herman Heijenbrock","Herman Heijenbrock","https://data.rkd.nl/artists/37031"
"http://data.collectienederland.nl/resource/document/van-abbe-museum/161","Friso ten Holt","Friso ten Holt","https://data.rkd.nl/artists/39295"
"http://data.collectienederland.nl/resource/document/van-abbe-museum/2093","Ad Snijders","Ad Snijders","https://data.rkd.nl/artists/73677"
"http://data.collectienederland.nl/resource/document/van-abbe-museum/2094","Ad Snijders","Ad Snijders","https://data.rkd.nl/artists/73677"
"http://data.collectienederland.nl/resource/document/van-abbe-museum/2095","Ad Snijders","Ad Snijders","https://data.rkd.nl/artists/73677"
"http://data.collectienederland.nl/resource/document/van-abbe-museum/2713","Ad Snijders","Ad Snijders","https://data.rkd.nl/artists/73677"
"http://data.collectienederland.nl/resource/document/van-abbe-museum/1633","Johan van Oord","Johan van Oord","https://data.rkd.nl/artists/60633"
"http://data.collectienederland.nl/resource/document/van-abbe-museum/1804","Johan van Oord","Johan van Oord","https://data.rkd.nl/artists/60633"
"http://data.collectienederland.nl/resource/document/van-abbe-museum/1644","David Robilliard","David Robilliard","https://data.rkd.nl/artists/211701"
"http://data.collectienederland.nl/resource/document/van-abbe-museum/1645","David Robilliard","David Robilliard","https://data.rkd.nl/artists/211701"
"http://data.collectienederland.nl/resource/document/van-abbe-museum/1653","Harm Brink","Harm Brink","https://data.rkd.nl/artists/12621"
"http://data.collectienederland.nl/resource/document/van-abbe-museum/167","John Philip Hultberg","John Philip Hultberg",""
"http://data.collectienederland.nl/resource/document/van-abbe-museum/168","Raoul Hynckes","Raoul Hynckes","https://data.rkd.nl/artists/40862"
"http://data.collectienederland.nl/resource/document/van-abbe-museum/411","Chris le Roy","Chris le Roy","https://data.rkd.nl/artists/68660"
"http://data.collectienederland.nl/resource/document/van-abbe-museum/412","Chris le Roy","Chris le Roy","https://data.rkd.nl/artists/68660"
"http://data.collectienederland.nl/resource/document/van-abbe-museum/413","Chris le Roy","Chris le Roy","https://data.rkd.nl/artists/68660"
"http://data.collectienederland.nl/resource/document/van-abbe-museum/592","Har Sanders","Har Sanders","https://data.rkd.nl/artists/69571"
"http://data.collectienederland.nl/resource/document/van-abbe-museum/171","Isaac Israëls","Isaac Israëls","https://data.rkd.nl/artists/41175"
"http://data.collectienederland.nl/resource/document/van-abbe-museum/172","Isaac Israëls","Isaac Israëls","https://data.rkd.nl/artists/41175"
"http://data.collectienederland.nl/resource/document/van-abbe-museum/486","Friedrich Vordemberge-Gildewart","Friedrich Vordemberge-Gildewart","https://data.rkd.nl/artists/81841"
"http://data.collectienederland.nl/resource/document/van-abbe-museum/487","Friedrich Vordemberge-Gildewart","Friedrich Vordemberge-Gildewart","https://data.rkd.nl/artists/81841"
"http://data.collectienederland.nl/resource/document/van-abbe-museum/176","Asger Jorn","Asger Jorn","https://data.rkd.nl/artists/42924"
"http://data.collectienederland.nl/resource/document/van-abbe-museum/177","Asger Jorn","Asger Jorn","https://data.rkd.nl/artists/42924"
"http://data.collectienederland.nl/resource/document/van-abbe-museum/179","Asger Jorn","Asger Jorn","https://data.rkd.nl/artists/42924"
"http://data.collectienederland.nl/resource/document/van-abbe-museum/180","Asger Jorn","Asger Jorn","https://data.rkd.nl/artists/42924"
"http://data.collectienederland.nl/resource/document/van-abbe-museum/2394","Piet Dirkx","Piet Dirkx","https://data.rkd.nl/artists/23279"
"http://data.collectienederland.nl/resource/document/van-abbe-museum/2395","Piet Dirkx","Piet Dirkx","https://data.rkd.nl/artists/23279"
"http://data.collectienederland.nl/resource/document/van-abbe-museum/182","Johannes Henricus Jurres","Johannes Henricus Jurres",""
"http://data.collectienederland.nl/resource/document/van-abbe-museum/183","Wassily Kandinsky","Wassily Kandinsky","https://data.rkd.nl/artists/43433"
"http://data.collectienederland.nl/resource/document/van-abbe-museum/184","Eduard Karsen","Eduard Karsen","https://data.rkd.nl/artists/43533"
"http://data.collectienederland.nl/resource/document/van-abbe-museum/185","Eduard Karsen","Eduard Karsen","https://data.rkd.nl/artists/43533"
"http://data.collectienederland.nl/resource/document/van-abbe-museum/186","Toon Kelder","Toon Kelder","https://data.rkd.nl/artists/43767"
"http://data.collectienederland.nl/resource/document/van-abbe-museum/188","Toon Kelder","Toon Kelder","https://data.rkd.nl/artists/43767"
"http://data.collectienederland.nl/resource/document/van-abbe-museum/1904","Thomas Schütte","Thomas Schütte","https://data.rkd.nl/artists/211313"
"http://data.collectienederland.nl/resource/document/van-abbe-museum/1875","Joost van Oss","Joost van Oss","https://data.rkd.nl/artists/61068"
"http://data.collectienederland.nl/resource/document/van-abbe-museum/191","Conrad Kickert","Conrad Kickert","https://data.rkd.nl/artists/44253"
"http://data.collectienederland.nl/resource/document/van-abbe-museum/1911","Henri Jacobs","Henri Jacobs","https://data.rkd.nl/artists/41356"
"http://data.collectienederland.nl/resource/document/van-abbe-museum/1912","Henri Jacobs","Henri Jacobs","https://data.rkd.nl/artists/41356"
"http://data.collectienederland.nl/resource/document/van-abbe-museum/193","Willem Knip","Willem Knip","https://data.rkd.nl/artists/45078"
"http://data.collectienederland.nl/resource/document/van-abbe-museum/194","Oskar Kokoschka","Oskar Kokoschka","https://data.rkd.nl/artists/45471"
"http://data.collectienederland.nl/resource/document/van-abbe-museum/195","Oskar Kokoschka","Oskar Kokoschka","https://data.rkd.nl/artists/45471"
"http://data.collectienederland.nl/resource/document/van-abbe-museum/198","Herman Kruyder","Herman Kruyder","https://data.rkd.nl/artists/46679"
"http://data.collectienederland.nl/resource/document/van-abbe-museum/199","Herman Kruyder","Herman Kruyder","https://data.rkd.nl/artists/46679"
"http://data.collectienederland.nl/resource/document/van-abbe-museum/201","Herman Kruyder","Herman Kruyder","https://data.rkd.nl/artists/46679"
"http://data.collectienederland.nl/resource/document/van-abbe-museum/2","Pierre Alechinsky","Pierre Alechinsky","https://data.rkd.nl/artists/1025"
"http://data.collectienederland.nl/resource/document/van-abbe-museum/366","Pieter Ouborg","Pieter Ouborg","https://data.rkd.nl/artists/61172"
"http://data.collectienederland.nl/resource/document/van-abbe-museum/368","Pieter Ouborg","Pieter Ouborg","https://data.rkd.nl/artists/61172"
"http://data.collectienederland.nl/resource/document/van-abbe-museum/370","Pieter Ouborg","Pieter Ouborg","https://data.rkd.nl/artists/61172"
"http://data.collectienederland.nl/resource/document/van-abbe-museum/599","Pieter Ouborg","Pieter Ouborg","https://data.rkd.nl/artists/61172"
"http://data.collectienederland.nl/resource/document/van-abbe-museum/622","Pieter Ouborg","Pieter Ouborg","https://data.rkd.nl/artists/61172"
"http://data.collectienederland.nl/resource/document/van-abbe-museum/2044","Marc Mulders","Marc Mulders","https://data.rkd.nl/artists/58278"
"http://data.collectienederland.nl/resource/document/van-abbe-museum/2056","Marc Mulders","Marc Mulders","https://data.rkd.nl/artists/58278"
"http://data.collectienederland.nl/resource/document/van-abbe-museum/2136","Marc Mulders","Marc Mulders","https://data.rkd.nl/artists/58278"
"http://data.collectienederland.nl/resource/document/van-abbe-museum/2265","Marc Mulders","Marc Mulders","https://data.rkd.nl/artists/58278"
"http://data.collectienederland.nl/resource/document/van-abbe-museum/2533","Marc Mulders","Marc Mulders","https://data.rkd.nl/artists/58278"
"http://data.collectienederland.nl/resource/document/van-abbe-museum/206","Wifredo Lam","Wifredo Lam","https://data.rkd.nl/artists/47518"
"http://data.collectienederland.nl/resource/document/van-abbe-museum/207","Ger Lataster","Ger Lataster","https://data.rkd.nl/artists/48215"
"http://data.collectienederland.nl/resource/document/van-abbe-museum/208","Ger Lataster","Ger Lataster","https://data.rkd.nl/artists/48215"
"http://data.collectienederland.nl/resource/document/van-abbe-museum/209","Bart van der Leck","Bart van der Leck","https://data.rkd.nl/artists/48700"
"http://data.collectienederland.nl/resource/document/van-abbe-museum/210","Bart van der Leck","Bart van der Leck","https://data.rkd.nl/artists/48700"
"http://data.collectienederland.nl/resource/document/van-abbe-museum/21","Johanna Bauer-Stumpff","Johanna Bauer-Stumpff",""
"http://data.collectienederland.nl/resource/document/van-abbe-museum/211","Fernand Léger","Fernand Léger","https://data.rkd.nl/artists/49072"
"http://data.collectienederland.nl/resource/document/van-abbe-museum/212","Fernand Léger","Fernand Léger","https://data.rkd.nl/artists/49072"
"http://data.collectienederland.nl/resource/document/van-abbe-museum/213","Fernand Léger","Fernand Léger","https://data.rkd.nl/artists/49072"
"http://data.collectienederland.nl/resource/document/van-abbe-museum/217","Ernst Leyden","Ernst Leyden","https://data.rkd.nl/artists/49840"
"http://data.collectienederland.nl/resource/document/van-abbe-museum/22","Jean Bazaine","Jean Bazaine","https://data.rkd.nl/artists/5263"
"http://data.collectienederland.nl/resource/document/van-abbe-museum/23","Jean Bazaine","Jean Bazaine","https://data.rkd.nl/artists/5263"
"http://data.collectienederland.nl/resource/document/van-abbe-museum/24","Jean Bazaine","Jean Bazaine","https://data.rkd.nl/artists/5263"
"http://data.collectienederland.nl/resource/document/van-abbe-museum/25","Jean Bazaine","Jean Bazaine","https://data.rkd.nl/artists/5263"
"http://data.collectienederland.nl/resource/document/van-abbe-museum/26","Jean Bazaine","Jean Bazaine","https://data.rkd.nl/artists/5263"
"http://data.collectienederland.nl/resource/document/van-abbe-museum/2287","Mariëlle Soons","Mariëlle Soons","https://data.rkd.nl/artists/116507"
"http://data.collectienederland.nl/resource/document/van-abbe-museum/2600","Mariëlle Soons","Mariëlle Soons","https://data.rkd.nl/artists/116507"
"http://data.collectienederland.nl/resource/document/van-abbe-museum/701","On Kawara","On Kawara","https://data.rkd.nl/artists/43662"
"http://data.collectienederland.nl/resource/document/van-abbe-museum/702","On Kawara","On Kawara","https://data.rkd.nl/artists/43662"
"http://data.collectienederland.nl/resource/document/van-abbe-museum/878","On Kawara","On Kawara","https://data.rkd.nl/artists/43662"
"http://data.collectienederland.nl/resource/document/van-abbe-museum/2432","Michael Raedecker","Michael Raedecker","https://data.rkd.nl/artists/65414"
"http://data.collectienederland.nl/resource/document/van-abbe-museum/2485","Michael Raedecker","Michael Raedecker","https://data.rkd.nl/artists/65414"
"http://data.collectienederland.nl/resource/document/van-abbe-museum/2645","Richard Phillips","Richard Phillips","https://data.rkd.nl/artists/246878"
"http://data.collectienederland.nl/resource/document/van-abbe-museum/2841","Wilhelm Sasnal","Wilhelm Sasnal","https://data.rkd.nl/artists/239839"
"http://data.collectienederland.nl/resource/document/van-abbe-museum/2842","Wilhelm Sasnal","Wilhelm Sasnal","https://data.rkd.nl/artists/239839"
"http://data.collectienederland.nl/resource/document/van-abbe-museum/2843","Wilhelm Sasnal","Wilhelm Sasnal","https://data.rkd.nl/artists/239839"
"http://data.collectienederland.nl/resource/document/van-abbe-museum/2844","Wilhelm Sasnal","Wilhelm Sasnal","https://data.rkd.nl/artists/239839"
"http://data.collectienederland.nl/resource/document/van-abbe-museum/3366","Wilhelm Sasnal","Wilhelm Sasnal","https://data.rkd.nl/artists/239839"
"http://data.collectienederland.nl/resource/document/van-abbe-museum/3458","Gülsün Karamustafa","Gülsün Karamustafa","https://data.rkd.nl/artists/296333"
"http://data.collectienederland.nl/resource/document/van-abbe-museum/2892","Jan Goedhart","Jan Goedhart","https://data.rkd.nl/artists/32317"
"http://data.collectienederland.nl/resource/document/van-abbe-museum/2972","Andrzej Wróblewski","Andrzej Wróblewski","https://data.rkd.nl/artists/274679"
"http://data.collectienederland.nl/resource/document/van-abbe-museum/3613","Museum of American Art, Berlin","Museum of American Art, Berlin",""
"http://data.collectienederland.nl/resource/document/van-abbe-museum/3036","Joost van Roojen","Joost van Roojen","https://data.rkd.nl/artists/68018"
"http://data.collectienederland.nl/resource/document/van-abbe-museum/3592","Joost van Roojen","Joost van Roojen","https://data.rkd.nl/artists/68018"
"http://data.collectienederland.nl/resource/document/van-abbe-museum/408","Joost van Roojen","Joost van Roojen","https://data.rkd.nl/artists/68018"
"http://data.collectienederland.nl/resource/document/van-abbe-museum/3058","Sara Sejin Chang (Sara van der Heide)","Sara Sejin Chang (Sara van der Heide)",""
"http://data.collectienederland.nl/resource/document/van-abbe-museum/3070","Vangelis Gokas","Vangelis Gokas",""
"http://data.collectienederland.nl/resource/document/van-abbe-museum/3071","Vangelis Gokas","Vangelis Gokas",""
"http://data.collectienederland.nl/resource/document/van-abbe-museum/3072","Vangelis Gokas","Vangelis Gokas",""
"http://data.collectienederland.nl/resource/document/van-abbe-museum/3122","Gluklya (Natalia Pershina-Yakimanskaya)","Gluklya (Natalia Pershina-Yakimanskaya)",""
"http://data.collectienederland.nl/resource/document/van-abbe-museum/3123","Gluklya (Natalia Pershina-Yakimanskaya)","Gluklya (Natalia Pershina-Yakimanskaya)",""
"http://data.collectienederland.nl/resource/document/van-abbe-museum/3124","Gluklya (Natalia Pershina-Yakimanskaya)","Gluklya (Natalia Pershina-Yakimanskaya)",""
"http://data.collectienederland.nl/resource/document/van-abbe-museum/3125","Gluklya (Natalia Pershina-Yakimanskaya)","Gluklya (Natalia Pershina-Yakimanskaya)",""
"http://data.collectienederland.nl/resource/document/van-abbe-museum/3126","Gluklya (Natalia Pershina-Yakimanskaya)","Gluklya (Natalia Pershina-Yakimanskaya)",""
"http://data.collectienederland.nl/resource/document/van-abbe-museum/3127","Gluklya (Natalia Pershina-Yakimanskaya)","Gluklya (Natalia Pershina-Yakimanskaya)",""
"http://data.collectienederland.nl/resource/document/van-abbe-museum/3128","Gluklya (Natalia Pershina-Yakimanskaya)","Gluklya (Natalia Pershina-Yakimanskaya)",""
"http://data.collectienederland.nl/resource/document/van-abbe-museum/3129","Gluklya (Natalia Pershina-Yakimanskaya)","Gluklya (Natalia Pershina-Yakimanskaya)",""
"http://data.collectienederland.nl/resource/document/van-abbe-museum/3130","Gluklya (Natalia Pershina-Yakimanskaya)","Gluklya (Natalia Pershina-Yakimanskaya)",""
"http://data.collectienederland.nl/resource/document/van-abbe-museum/3513","Gluklya (Natalia Pershina-Yakimanskaya)","Gluklya (Natalia Pershina-Yakimanskaya)",""
"http://data.collectienederland.nl/resource/document/van-abbe-museum/3516","Gluklya (Natalia Pershina-Yakimanskaya)","Gluklya (Natalia Pershina-Yakimanskaya)",""
"http://data.collectienederland.nl/resource/document/van-abbe-museum/3517","Gluklya (Natalia Pershina-Yakimanskaya)","Gluklya (Natalia Pershina-Yakimanskaya)",""
"http://data.collectienederland.nl/resource/document/van-abbe-museum/3518","Gluklya (Natalia Pershina-Yakimanskaya)","Gluklya (Natalia Pershina-Yakimanskaya)",""
"http://data.collectienederland.nl/resource/document/van-abbe-museum/3519","Gluklya (Natalia Pershina-Yakimanskaya)","Gluklya (Natalia Pershina-Yakimanskaya)",""
"http://data.collectienederland.nl/resource/document/van-abbe-museum/3520","Gluklya (Natalia Pershina-Yakimanskaya)","Gluklya (Natalia Pershina-Yakimanskaya)",""
"http://data.collectienederland.nl/resource/document/van-abbe-museum/3521","Gluklya (Natalia Pershina-Yakimanskaya)","Gluklya (Natalia Pershina-Yakimanskaya)",""
"http://data.collectienederland.nl/resource/document/van-abbe-museum/3523","Gluklya (Natalia Pershina-Yakimanskaya)","Gluklya (Natalia Pershina-Yakimanskaya)",""
"http://data.collectienederland.nl/resource/document/van-abbe-museum/3524","Gluklya (Natalia Pershina-Yakimanskaya)","Gluklya (Natalia Pershina-Yakimanskaya)",""
"http://data.collectienederland.nl/resource/document/van-abbe-museum/315","Morris Louis","Morris Louis","https://data.rkd.nl/artists/51007"
"http://data.collectienederland.nl/resource/document/van-abbe-museum/316","Morris Louis","Morris Louis","https://data.rkd.nl/artists/51007"
"http://data.collectienederland.nl/resource/document/van-abbe-museum/324","Cornelis Johannes Maks","Cornelis Johannes Maks","https://data.rkd.nl/artists/52092"
"http://data.collectienederland.nl/resource/document/van-abbe-museum/327","Alfred Manessier","Alfred Manessier","https://data.rkd.nl/artists/52302"
"http://data.collectienederland.nl/resource/document/van-abbe-museum/328","Alfred Manessier","Alfred Manessier","https://data.rkd.nl/artists/52302"
"http://data.collectienederland.nl/resource/document/van-abbe-museum/331","André Marchand","André Marchand","https://data.rkd.nl/artists/52471"
"http://data.collectienederland.nl/resource/document/van-abbe-museum/332","Antoon Marstboom","Antoon Marstboom","https://data.rkd.nl/artists/91560"
"http://data.collectienederland.nl/resource/document/van-abbe-museum/333","Jean Messagier","Jean Messagier","https://data.rkd.nl/artists/55488"
"http://data.collectienederland.nl/resource/document/van-abbe-museum/335","Willem Maris","Willem Maris","https://data.rkd.nl/artists/52684"
"http://data.collectienederland.nl/resource/document/van-abbe-museum/3359","Roland Schimmel","Roland Schimmel","https://data.rkd.nl/artists/70534"
"http://data.collectienederland.nl/resource/document/van-abbe-museum/3360","Roland Schimmel","Roland Schimmel","https://data.rkd.nl/artists/70534"
"http://data.collectienederland.nl/resource/document/van-abbe-museum/3367","Iris Kensmil","Iris Kensmil","https://data.rkd.nl/artists/227086"
"http://data.collectienederland.nl/resource/document/van-abbe-museum/3368","Iris Kensmil","Iris Kensmil","https://data.rkd.nl/artists/227086"
"http://data.collectienederland.nl/resource/document/van-abbe-museum/3369","Iris Kensmil","Iris Kensmil","https://data.rkd.nl/artists/227086"
"http://data.collectienederland.nl/resource/document/van-abbe-museum/3560","Iris Kensmil","Iris Kensmil","https://data.rkd.nl/artists/227086"
"http://data.collectienederland.nl/resource/document/van-abbe-museum/337","László Moholy-Nagy","László Moholy-Nagy","https://data.rkd.nl/artists/56560"
"http://data.collectienederland.nl/resource/document/van-abbe-museum/3375","Anna Boghiguian","Anna Boghiguian",""
"http://data.collectienederland.nl/resource/document/van-abbe-museum/3376","Anna Boghiguian","Anna Boghiguian",""
"http://data.collectienederland.nl/resource/document/van-abbe-museum/3394","Bruno Pacheco","Bruno Pacheco",""
"http://data.collectienederland.nl/resource/document/van-abbe-museum/3395","Bruno Pacheco","Bruno Pacheco",""
"http://data.collectienederland.nl/resource/document/van-abbe-museum/3402","Natasja Kensmil","Natasja Kensmil","https://data.rkd.nl/artists/122357"
"http://data.collectienederland.nl/resource/document/van-abbe-museum/3403","Natasja Kensmil","Natasja Kensmil","https://data.rkd.nl/artists/122357"
"http://data.collectienederland.nl/resource/document/van-abbe-museum/3404","Natasja Kensmil","Natasja Kensmil","https://data.rkd.nl/artists/122357"
"http://data.collectienederland.nl/resource/document/van-abbe-museum/3414","Otobong Nkanga","Otobong Nkanga","https://data.rkd.nl/artists/313608"
"http://data.collectienederland.nl/resource/document/van-abbe-museum/342","Jan Miense Molenaer","Jan Miense Molenaer","https://data.rkd.nl/artists/56664"
"http://data.collectienederland.nl/resource/document/van-abbe-museum/343","Piet Mondriaan","Piet Mondriaan","https://data.rkd.nl/artists/56854"
"http://data.collectienederland.nl/resource/document/van-abbe-museum/344","Piet Mondriaan","Piet Mondriaan","https://data.rkd.nl/artists/56854"
"http://data.collectienederland.nl/resource/document/van-abbe-museum/3596","Rasheed Araeen","Rasheed Araeen","https://data.rkd.nl/artists/385063"
"http://data.collectienederland.nl/resource/document/van-abbe-museum/346","François Albertinus Mooy","François Albertinus Mooy","https://data.rkd.nl/artists/57569"
"http://data.collectienederland.nl/resource/document/van-abbe-museum/3471","Edi Hila","Edi Hila",""
"http://data.collectienederland.nl/resource/document/van-abbe-museum/3472","Edi Hila","Edi Hila",""
"http://data.collectienederland.nl/resource/document/van-abbe-museum/350","Jaap Nanninga","Jaap Nanninga","https://data.rkd.nl/artists/58828"
"http://data.collectienederland.nl/resource/document/van-abbe-museum/353","Jaap Nanninga","Jaap Nanninga","https://data.rkd.nl/artists/58828"
"http://data.collectienederland.nl/resource/document/van-abbe-museum/354","Jaap Nanninga","Jaap Nanninga","https://data.rkd.nl/artists/58828"
"http://data.collectienederland.nl/resource/document/van-abbe-museum/358","Dirk Nijland","Dirk Nijland","https://data.rkd.nl/artists/59613"
"http://data.collectienederland.nl/resource/document/van-abbe-museum/359","Dirk Nijland","Dirk Nijland","https://data.rkd.nl/artists/59613"
"http://data.collectienederland.nl/resource/document/van-abbe-museum/3591","Michail Fjodorovitsj Larionov","Michail Fjodorovitsj Larionov",""
"http://data.collectienederland.nl/resource/document/van-abbe-museum/36","Max Beckmann","Max Beckmann","https://data.rkd.nl/artists/5533"
"http://data.collectienederland.nl/resource/document/van-abbe-museum/37","Hubert Bekman","Hubert Bekman","https://data.rkd.nl/artists/6093"
"http://data.collectienederland.nl/resource/document/van-abbe-museum/379","Bart Peizel","Bart Peizel","https://data.rkd.nl/artists/62418"
"http://data.collectienederland.nl/resource/document/van-abbe-museum/38","Gerrit Benner","Gerrit Benner","https://data.rkd.nl/artists/6531"
"http://data.collectienederland.nl/resource/document/van-abbe-museum/39","Gerrit Benner","Gerrit Benner","https://data.rkd.nl/artists/6531"
"http://data.collectienederland.nl/resource/document/van-abbe-museum/40","Gerrit Benner","Gerrit Benner","https://data.rkd.nl/artists/6531"
"http://data.collectienederland.nl/resource/document/van-abbe-museum/41","Gerrit Benner","Gerrit Benner","https://data.rkd.nl/artists/6531"
"http://data.collectienederland.nl/resource/document/van-abbe-museum/381","Constant Permeke","Constant Permeke","https://data.rkd.nl/artists/62716"
"http://data.collectienederland.nl/resource/document/van-abbe-museum/382","Constant Permeke","Constant Permeke","https://data.rkd.nl/artists/62716"
"http://data.collectienederland.nl/resource/document/van-abbe-museum/383","Constant Permeke","Constant Permeke","https://data.rkd.nl/artists/62716"
"http://data.collectienederland.nl/resource/document/van-abbe-museum/384","Henriëtte Pessers","Henriëtte Pessers","https://data.rkd.nl/artists/62851"
"http://data.collectienederland.nl/resource/document/van-abbe-museum/385","Pablo Picasso","Pablo Picasso","https://data.rkd.nl/artists/63276"
"http://data.collectienederland.nl/resource/document/van-abbe-museum/386","Pablo Picasso","Pablo Picasso","https://data.rkd.nl/artists/63276"
"http://data.collectienederland.nl/resource/document/van-abbe-museum/387","Pablo Picasso","Pablo Picasso","https://data.rkd.nl/artists/63276"
"http://data.collectienederland.nl/resource/document/van-abbe-museum/389","Otto Piene","Otto Piene","https://data.rkd.nl/artists/63368"
"http://data.collectienederland.nl/resource/document/van-abbe-museum/390","Wim van de Plas","Wim van de Plas","https://data.rkd.nl/artists/63792"
"http://data.collectienederland.nl/resource/document/van-abbe-museum/391","Serge Poliakoff","Serge Poliakoff","https://data.rkd.nl/artists/64091"
"http://data.collectienederland.nl/resource/document/van-abbe-museum/392","Serge Poliakoff","Serge Poliakoff","https://data.rkd.nl/artists/64091"
"http://data.collectienederland.nl/resource/document/van-abbe-museum/393","Larry Poons","Larry Poons","https://data.rkd.nl/artists/64247"
"http://data.collectienederland.nl/resource/document/van-abbe-museum/398","Max Rädecker","Max Rädecker","https://data.rkd.nl/artists/65413"
"http://data.collectienederland.nl/resource/document/van-abbe-museum/399","Max Rädecker","Max Rädecker","https://data.rkd.nl/artists/65413"
"http://data.collectienederland.nl/resource/document/van-abbe-museum/401","Otto van Rees","Otto van Rees","https://data.rkd.nl/artists/65952"
"http://data.collectienederland.nl/resource/document/van-abbe-museum/403","Coba Ritsema","Coba Ritsema","https://data.rkd.nl/artists/89871"
"http://data.collectienederland.nl/resource/document/van-abbe-museum/404","Gé Röling","Gé Röling","https://data.rkd.nl/artists/67802"
"http://data.collectienederland.nl/resource/document/van-abbe-museum/407","Anton Rooskens","Anton Rooskens","https://data.rkd.nl/artists/68112"
"http://data.collectienederland.nl/resource/document/van-abbe-museum/410","Dio Rovers","Dio Rovers","https://data.rkd.nl/artists/68620"
"http://data.collectienederland.nl/resource/document/van-abbe-museum/42","Martinus Johannes Bies","Martinus Johannes Bies","https://data.rkd.nl/artists/8212"
"http://data.collectienederland.nl/resource/document/van-abbe-museum/426","Antonio Saura","Antonio Saura","https://data.rkd.nl/artists/96347"
"http://data.collectienederland.nl/resource/document/van-abbe-museum/427","Antonio Saura","Antonio Saura","https://data.rkd.nl/artists/96347"
"http://data.collectienederland.nl/resource/document/van-abbe-museum/428","Egbert Rubertus Derk Schaap","Egbert Rubertus Derk Schaap","https://data.rkd.nl/artists/70033"
"http://data.collectienederland.nl/resource/document/van-abbe-museum/429","Pie Schmitz","Pie Schmitz","https://data.rkd.nl/artists/70748"
"http://data.collectienederland.nl/resource/document/van-abbe-museum/44","Roger Bissière","Roger Bissière","https://data.rkd.nl/artists/8658"
"http://data.collectienederland.nl/resource/document/van-abbe-museum/45","Roger Bissière","Roger Bissière","https://data.rkd.nl/artists/8658"
"http://data.collectienederland.nl/resource/document/van-abbe-museum/46","Roger Bissière","Roger Bissière","https://data.rkd.nl/artists/8658"
"http://data.collectienederland.nl/resource/document/van-abbe-museum/434","Wout Schram","Wout Schram","https://data.rkd.nl/artists/109005"
"http://data.collectienederland.nl/resource/document/van-abbe-museum/435","Sierk Schröder","Sierk Schröder","https://data.rkd.nl/artists/187205"
"http://data.collectienederland.nl/resource/document/van-abbe-museum/436","Wim Schuhmacher","Wim Schuhmacher","https://data.rkd.nl/artists/71301"
"http://data.collectienederland.nl/resource/document/van-abbe-museum/437","Wim Schuhmacher","Wim Schuhmacher","https://data.rkd.nl/artists/71301"
"http://data.collectienederland.nl/resource/document/van-abbe-museum/438","Wim Schuhmacher","Wim Schuhmacher","https://data.rkd.nl/artists/71301"
"http://data.collectienederland.nl/resource/document/van-abbe-museum/439","William Henry Singer","William Henry Singer","https://data.rkd.nl/artists/72807"
"http://data.collectienederland.nl/resource/document/van-abbe-museum/441","Frans Slager","Frans Slager","https://data.rkd.nl/artists/72977"
"http://data.collectienederland.nl/resource/document/van-abbe-museum/442","Frans Slager","Frans Slager","https://data.rkd.nl/artists/72977"
"http://data.collectienederland.nl/resource/document/van-abbe-museum/443","Pieter J. Slager jr.","Pieter J. Slager jr.",""
"http://data.collectienederland.nl/resource/document/van-abbe-museum/444","Petrus Marinus Slager","Petrus Marinus Slager","https://data.rkd.nl/artists/72982"
"http://data.collectienederland.nl/resource/document/van-abbe-museum/445","Jan Sluijters","Jan Sluijters","https://data.rkd.nl/artists/73135"
"http://data.collectienederland.nl/resource/document/van-abbe-museum/446","Jan Sluijters","Jan Sluijters","https://data.rkd.nl/artists/73135"
"http://data.collectienederland.nl/resource/document/van-abbe-museum/447","Jan Sluijters","Jan Sluijters","https://data.rkd.nl/artists/73135"
"http://data.collectienederland.nl/resource/document/van-abbe-museum/448","Jan Sluijters","Jan Sluijters","https://data.rkd.nl/artists/73135"
"http://data.collectienederland.nl/resource/document/van-abbe-museum/449","Jan Sluijters","Jan Sluijters","https://data.rkd.nl/artists/73135"
"http://data.collectienederland.nl/resource/document/van-abbe-museum/450","Jan Sluijters","Jan Sluijters","https://data.rkd.nl/artists/73135"
"http://data.collectienederland.nl/resource/document/van-abbe-museum/451","Gust. De Smet","Gust. De Smet",""
"http://data.collectienederland.nl/resource/document/van-abbe-museum/452","Gust. De Smet","Gust. De Smet",""
"http://data.collectienederland.nl/resource/document/van-abbe-museum/458","Frank Stella","Frank Stella","https://data.rkd.nl/artists/75011"
"http://data.collectienederland.nl/resource/document/van-abbe-museum/466","Quiryn van Tiel","Quiryn van Tiel",""
"http://data.collectienederland.nl/resource/document/van-abbe-museum/469","Charley Toorop","Charley Toorop","https://data.rkd.nl/artists/77872"
"http://data.collectienederland.nl/resource/document/van-abbe-museum/470","Charley Toorop","Charley Toorop","https://data.rkd.nl/artists/77872"
"http://data.collectienederland.nl/resource/document/van-abbe-museum/471","Charley Toorop","Charley Toorop","https://data.rkd.nl/artists/77872"
"http://data.collectienederland.nl/resource/document/van-abbe-museum/472","Charley Toorop","Charley Toorop","https://data.rkd.nl/artists/77872"
"http://data.collectienederland.nl/resource/document/van-abbe-museum/474","Charley Toorop","Charley Toorop","https://data.rkd.nl/artists/77872"
"http://data.collectienederland.nl/resource/document/van-abbe-museum/476","Walter Vaes","Walter Vaes","https://data.rkd.nl/artists/78930"
"http://data.collectienederland.nl/resource/document/van-abbe-museum/477","Victor Vasarely","Victor Vasarely","https://data.rkd.nl/artists/79484"
"http://data.collectienederland.nl/resource/document/van-abbe-museum/478","Victor Vasarely","Victor Vasarely","https://data.rkd.nl/artists/79484"
"http://data.collectienederland.nl/resource/document/van-abbe-museum/479","Bram van Velde","Bram van Velde","https://data.rkd.nl/artists/79766"
"http://data.collectienederland.nl/resource/document/van-abbe-museum/480","Geer van Velde","Geer van Velde","https://data.rkd.nl/artists/79771"
"http://data.collectienederland.nl/resource/document/van-abbe-museum/483","Kees Verwey","Kees Verwey","https://data.rkd.nl/artists/80756"
"http://data.collectienederland.nl/resource/document/van-abbe-museum/485","Jan Voerman","Jan Voerman","https://data.rkd.nl/artists/428681"
"http://data.collectienederland.nl/resource/document/van-abbe-museum/489","Cornelis Vreedenburgh","Cornelis Vreedenburgh","https://data.rkd.nl/artists/82025"
"http://data.collectienederland.nl/resource/document/van-abbe-museum/49","Ferencz von Bölcskey","Ferencz von Bölcskey","https://data.rkd.nl/artists/121390"
"http://data.collectienederland.nl/resource/document/van-abbe-museum/611","Bob Bonies","Bob Bonies","https://data.rkd.nl/artists/10362"
"http://data.collectienederland.nl/resource/document/van-abbe-museum/864","Bob Bonies","Bob Bonies","https://data.rkd.nl/artists/10362"
"http://data.collectienederland.nl/resource/document/van-abbe-museum/502","Betsy Westendorp-Osieck","Betsy Westendorp-Osieck","https://data.rkd.nl/artists/83844"
"http://data.collectienederland.nl/resource/document/van-abbe-museum/503","Jan Wiegers","Jan Wiegers","https://data.rkd.nl/artists/84167"
"http://data.collectienederland.nl/resource/document/van-abbe-museum/504","Matthieu Wiegman","Matthieu Wiegman","https://data.rkd.nl/artists/84180"
"http://data.collectienederland.nl/resource/document/van-abbe-museum/505","Piet Wiegman","Piet Wiegman","https://data.rkd.nl/artists/84182"
"http://data.collectienederland.nl/resource/document/van-abbe-museum/508","Carel Willink","Carel Willink","https://data.rkd.nl/artists/84773"
"http://data.collectienederland.nl/resource/document/van-abbe-museum/509","Carel Willink","Carel Willink","https://data.rkd.nl/artists/84773"
"http://data.collectienederland.nl/resource/document/van-abbe-museum/51","Georges Braque","Georges Braque","https://data.rkd.nl/artists/12125"
"http://data.collectienederland.nl/resource/document/van-abbe-museum/52","Georges Braque","Georges Braque","https://data.rkd.nl/artists/12125"
"http://data.collectienederland.nl/resource/document/van-abbe-museum/510","Theo Wolvecamp","Theo Wolvecamp","https://data.rkd.nl/artists/85464"
"http://data.collectienederland.nl/resource/document/van-abbe-museum/511","Piet van Wijngaerdt","Piet van Wijngaerdt","https://data.rkd.nl/artists/84395"
"http://data.collectienederland.nl/resource/document/van-abbe-museum/53","Arthur Briët","Arthur Briët","https://data.rkd.nl/artists/12567"
"http://data.collectienederland.nl/resource/document/van-abbe-museum/54","Heinrich Campendonk","Heinrich Campendonk","https://data.rkd.nl/artists/15018"
"http://data.collectienederland.nl/resource/document/van-abbe-museum/58","Hendrik Chabot","Hendrik Chabot","https://data.rkd.nl/artists/16217"
"http://data.collectienederland.nl/resource/document/van-abbe-museum/60","Hendrik Chabot","Hendrik Chabot","https://data.rkd.nl/artists/16217"
"http://data.collectienederland.nl/resource/document/van-abbe-museum/601","Ben Schonzeit","Ben Schonzeit","https://data.rkd.nl/artists/70978"
"http://data.collectienederland.nl/resource/document/van-abbe-museum/61","Marc Chagall","Marc Chagall","https://data.rkd.nl/artists/16236"
"http://data.collectienederland.nl/resource/document/van-abbe-museum/63","Arnout Colnot","Arnout Colnot","https://data.rkd.nl/artists/17804"
"http://data.collectienederland.nl/resource/document/van-abbe-museum/64","Constant","Constant","https://data.rkd.nl/artists/17999"
"http://data.collectienederland.nl/resource/document/van-abbe-museum/65","Constant","Constant","https://data.rkd.nl/artists/17999"
"http://data.collectienederland.nl/resource/document/van-abbe-museum/67","Corneille","Corneille","https://data.rkd.nl/artists/18369"
"http://data.collectienederland.nl/resource/document/van-abbe-museum/68","Corneille","Corneille","https://data.rkd.nl/artists/18369"
"http://data.collectienederland.nl/resource/document/van-abbe-museum/69","Corneille","Corneille","https://data.rkd.nl/artists/18369"
"http://data.collectienederland.nl/resource/document/van-abbe-museum/70","Corneille","Corneille","https://data.rkd.nl/artists/18369"
"http://data.collectienederland.nl/resource/document/van-abbe-museum/71","Corneille","Corneille","https://data.rkd.nl/artists/18369"
"http://data.collectienederland.nl/resource/document/van-abbe-museum/72","Corneille","Corneille","https://data.rkd.nl/artists/18369"
"http://data.collectienederland.nl/resource/document/van-abbe-museum/73","Corneille","Corneille","https://data.rkd.nl/artists/18369"
"http://data.collectienederland.nl/resource/document/van-abbe-museum/794","Robert Mangold","Robert Mangold","https://data.rkd.nl/artists/52319"
"http://data.collectienederland.nl/resource/document/van-abbe-museum/744","Frans Clement","Frans Clement","https://data.rkd.nl/artists/17177"
"http://data.collectienederland.nl/resource/document/van-abbe-museum/745","Frans Clement","Frans Clement","https://data.rkd.nl/artists/17177"
"http://data.collectienederland.nl/resource/document/van-abbe-museum/774","Jan Gregoor","Jan Gregoor","https://data.rkd.nl/artists/33624"
"http://data.collectienederland.nl/resource/document/van-abbe-museum/80","Alan Davie","Alan Davie","https://data.rkd.nl/artists/20190"
"http://data.collectienederland.nl/resource/document/van-abbe-museum/826","Anselm Kiefer","Anselm Kiefer","https://data.rkd.nl/artists/44264"
"http://data.collectienederland.nl/resource/document/van-abbe-museum/835","Anselm Kiefer","Anselm Kiefer","https://data.rkd.nl/artists/44264"
"http://data.collectienederland.nl/resource/document/van-abbe-museum/84","Robert Delaunay","Robert Delaunay","https://data.rkd.nl/artists/99164"
"http://data.collectienederland.nl/resource/document/van-abbe-museum/89","Jef Diederen","Jef Diederen","https://data.rkd.nl/artists/22587"
"http://data.collectienederland.nl/resource/document/van-abbe-museum/881","Isolde Wawrin","Isolde Wawrin","https://data.rkd.nl/artists/294418"
"http://data.collectienederland.nl/resource/document/van-abbe-museum/911","Jean Brusselmans","Jean Brusselmans","https://data.rkd.nl/artists/13612"
