uri,creators,type
http://data.collectienederland.nl/resource/document/museum-de-fundatie/0000002165,'Lucebert',http://vocab.getty.edu/aat/300020756
http://data.collectienederland.nl/resource/document/museum-de-fundatie/0000002001,'onbekend',http://vocab.getty.edu/aat/300020756
http://data.collectienederland.nl/resource/document/museum-de-fundatie/0000002002,'onbekend',http://vocab.getty.edu/aat/300020756
http://data.collectienederland.nl/resource/document/museum-de-fundatie/0000002025,'onbekend',http://vocab.getty.edu/aat/300020756
http://data.collectienederland.nl/resource/document/museum-de-fundatie/0000002030,'onbekend',http://vocab.getty.edu/aat/300020756
http://data.collectienederland.nl/resource/document/museum-de-fundatie/0000002043,'onbekend',http://vocab.getty.edu/aat/300020756
http://data.collectienederland.nl/resource/document/museum-de-fundatie/0000002062,'onbekend',http://vocab.getty.edu/aat/300020756
http://data.collectienederland.nl/resource/document/museum-de-fundatie/0000002065,'onbekend',http://vocab.getty.edu/aat/300020756
http://data.collectienederland.nl/resource/document/museum-de-fundatie/0000002066,'onbekend',http://vocab.getty.edu/aat/300020756
http://data.collectienederland.nl/resource/document/museum-de-fundatie/0000002073,'onbekend',http://vocab.getty.edu/aat/300020756
http://data.collectienederland.nl/resource/document/museum-de-fundatie/0000002082,'onbekend',http://vocab.getty.edu/aat/300020756
http://data.collectienederland.nl/resource/document/museum-de-fundatie/0000002083,'onbekend',http://vocab.getty.edu/aat/300020756
http://data.collectienederland.nl/resource/document/museum-de-fundatie/0000002084,'onbekend',http://vocab.getty.edu/aat/300020756
http://data.collectienederland.nl/resource/document/museum-de-fundatie/0000002086,'onbekend',http://vocab.getty.edu/aat/300020756
http://data.collectienederland.nl/resource/document/museum-de-fundatie/0000002101,'onbekend',http://vocab.getty.edu/aat/300020756
http://data.collectienederland.nl/resource/document/museum-de-fundatie/0000002102,'onbekend',http://vocab.getty.edu/aat/300020756
http://data.collectienederland.nl/resource/document/museum-de-fundatie/0000002103,'onbekend',http://vocab.getty.edu/aat/300020756
http://data.collectienederland.nl/resource/document/museum-de-fundatie/0000002113,'onbekend',http://vocab.getty.edu/aat/300020756
http://data.collectienederland.nl/resource/document/museum-de-fundatie/0000002130,'onbekend',http://vocab.getty.edu/aat/300020756
http://data.collectienederland.nl/resource/document/museum-de-fundatie/0000002149,'onbekend',http://vocab.getty.edu/aat/300020756
http://data.collectienederland.nl/resource/document/museum-de-fundatie/0000002156,'onbekend',http://vocab.getty.edu/aat/300020756
http://data.collectienederland.nl/resource/document/museum-de-fundatie/0000002163,'onbekend',http://vocab.getty.edu/aat/300020756
http://data.collectienederland.nl/resource/document/museum-de-fundatie/0000002164,'onbekend',http://vocab.getty.edu/aat/300020756
http://data.collectienederland.nl/resource/document/museum-de-fundatie/0000002172,'onbekend',http://vocab.getty.edu/aat/300020756
http://data.collectienederland.nl/resource/document/museum-de-fundatie/0000002175,'onbekend',http://vocab.getty.edu/aat/300020756
http://data.collectienederland.nl/resource/document/museum-de-fundatie/0000002182,'onbekend',http://vocab.getty.edu/aat/300020756
http://data.collectienederland.nl/resource/document/museum-de-fundatie/0000002201,'onbekend',http://vocab.getty.edu/aat/300020756
http://data.collectienederland.nl/resource/document/museum-de-fundatie/0000002215,'onbekend',http://vocab.getty.edu/aat/300020756
http://data.collectienederland.nl/resource/document/museum-de-fundatie/0000002233,'onbekend',http://vocab.getty.edu/aat/300020756
http://data.collectienederland.nl/resource/document/museum-de-fundatie/0000002234,'onbekend',http://vocab.getty.edu/aat/300020756
http://data.collectienederland.nl/resource/document/museum-de-fundatie/0000002236,'onbekend',http://vocab.getty.edu/aat/300020756
http://data.collectienederland.nl/resource/document/museum-de-fundatie/0000002279,'onbekend',http://vocab.getty.edu/aat/300020756
http://data.collectienederland.nl/resource/document/museum-de-fundatie/0000002290,'onbekend',http://vocab.getty.edu/aat/300020756
http://data.collectienederland.nl/resource/document/museum-de-fundatie/0000002296,'onbekend',http://vocab.getty.edu/aat/300020756
http://data.collectienederland.nl/resource/document/museum-de-fundatie/0000002299,'onbekend',http://vocab.getty.edu/aat/300020756
http://data.collectienederland.nl/resource/document/museum-de-fundatie/0000002302,'onbekend',http://vocab.getty.edu/aat/300020756
http://data.collectienederland.nl/resource/document/museum-de-fundatie/0000002330,'onbekend',http://vocab.getty.edu/aat/300020756
http://data.collectienederland.nl/resource/document/museum-de-fundatie/0000002331,'onbekend',http://vocab.getty.edu/aat/300020756
http://data.collectienederland.nl/resource/document/museum-de-fundatie/0000002334,'onbekend',http://vocab.getty.edu/aat/300020756
http://data.collectienederland.nl/resource/document/museum-de-fundatie/0000002336,'onbekend',http://vocab.getty.edu/aat/300020756
http://data.collectienederland.nl/resource/document/museum-de-fundatie/0000002337,'onbekend',http://vocab.getty.edu/aat/300020756
http://data.collectienederland.nl/resource/document/museum-de-fundatie/0000002338,'onbekend',http://vocab.getty.edu/aat/300020756
http://data.collectienederland.nl/resource/document/museum-de-fundatie/0000002339,'onbekend',http://vocab.getty.edu/aat/300020756
http://data.collectienederland.nl/resource/document/museum-de-fundatie/0000002340,'onbekend',http://vocab.getty.edu/aat/300020756
http://data.collectienederland.nl/resource/document/museum-de-fundatie/0000002346,'onbekend',http://vocab.getty.edu/aat/300020756
http://data.collectienederland.nl/resource/document/museum-de-fundatie/0000002347,'onbekend',http://vocab.getty.edu/aat/300020756
http://data.collectienederland.nl/resource/document/museum-de-fundatie/0000002348,'onbekend',http://vocab.getty.edu/aat/300020756
http://data.collectienederland.nl/resource/document/museum-de-fundatie/0000002349,'onbekend',http://vocab.getty.edu/aat/300020756
http://data.collectienederland.nl/resource/document/museum-de-fundatie/0000002350,'onbekend',http://vocab.getty.edu/aat/300020756
http://data.collectienederland.nl/resource/document/museum-de-fundatie/0000002351,'onbekend',http://vocab.getty.edu/aat/300020756
http://data.collectienederland.nl/resource/document/museum-de-fundatie/0000002352,'onbekend',http://vocab.getty.edu/aat/300020756
http://data.collectienederland.nl/resource/document/museum-de-fundatie/0000002353,'onbekend',http://vocab.getty.edu/aat/300020756
http://data.collectienederland.nl/resource/document/museum-de-fundatie/0000002354,'onbekend',http://vocab.getty.edu/aat/300020756
http://data.collectienederland.nl/resource/document/museum-de-fundatie/0000002355,'onbekend',http://vocab.getty.edu/aat/300020756
http://data.collectienederland.nl/resource/document/museum-de-fundatie/0000002356,'onbekend',http://vocab.getty.edu/aat/300020756
http://data.collectienederland.nl/resource/document/museum-de-fundatie/0000002359,'onbekend',http://vocab.getty.edu/aat/300020756
http://data.collectienederland.nl/resource/document/museum-de-fundatie/0000002360,'onbekend',http://vocab.getty.edu/aat/300020756
http://data.collectienederland.nl/resource/document/museum-de-fundatie/0000002361,'onbekend',http://vocab.getty.edu/aat/300020756
http://data.collectienederland.nl/resource/document/museum-de-fundatie/0000002362,'onbekend',http://vocab.getty.edu/aat/300020756
http://data.collectienederland.nl/resource/document/museum-de-fundatie/0000002363,'onbekend',http://vocab.getty.edu/aat/300020756
http://data.collectienederland.nl/resource/document/museum-de-fundatie/0000003232,'onbekend',http://vocab.getty.edu/aat/300020756
http://data.collectienederland.nl/resource/document/museum-de-fundatie/0000003307,'onbekend',http://vocab.getty.edu/aat/300020756
http://data.collectienederland.nl/resource/document/museum-de-fundatie/0000003308,'onbekend',http://vocab.getty.edu/aat/300020756
http://data.collectienederland.nl/resource/document/museum-de-fundatie/0000008902,'onbekend',http://vocab.getty.edu/aat/300020756
http://data.collectienederland.nl/resource/document/museum-de-fundatie/0000009064,'onbekend',http://vocab.getty.edu/aat/300020756
http://data.collectienederland.nl/resource/document/museum-de-fundatie/0000009065,'onbekend',http://vocab.getty.edu/aat/300020756
http://data.collectienederland.nl/resource/document/museum-de-fundatie/0000002313,'Erich Wichmann',http://vocab.getty.edu/aat/300020756
http://data.collectienederland.nl/resource/document/museum-de-fundatie/0000002314,'Erich Wichmann',http://vocab.getty.edu/aat/300020756
http://data.collectienederland.nl/resource/document/museum-de-fundatie/0000002315,'Erich Wichmann',http://vocab.getty.edu/aat/300020756
http://data.collectienederland.nl/resource/document/museum-de-fundatie/0000002210,'John A. Rädecker',http://vocab.getty.edu/aat/300020756
http://data.collectienederland.nl/resource/document/museum-de-fundatie/0000002211,'John A. Rädecker',http://vocab.getty.edu/aat/300020756
http://data.collectienederland.nl/resource/document/museum-de-fundatie/0000002148,'Bart van der Leck',http://vocab.getty.edu/aat/300020756
http://data.collectienederland.nl/resource/document/museum-de-fundatie/0000002061,'James Ensor',http://vocab.getty.edu/aat/300020756
http://data.collectienederland.nl/resource/document/museum-de-fundatie/0000002062,'James Ensor',http://vocab.getty.edu/aat/300020756
http://data.collectienederland.nl/resource/document/museum-de-fundatie/0000002240,'Jan Sluijters',http://vocab.getty.edu/aat/300020756
http://data.collectienederland.nl/resource/document/museum-de-fundatie/0000002241,'Jan Sluijters',http://vocab.getty.edu/aat/300020756
http://data.collectienederland.nl/resource/document/museum-de-fundatie/0000002242,'Jan Sluijters',http://vocab.getty.edu/aat/300020756
http://data.collectienederland.nl/resource/document/museum-de-fundatie/0000002243,'Jan Sluijters',http://vocab.getty.edu/aat/300020756
http://data.collectienederland.nl/resource/document/museum-de-fundatie/0000002244,'Jan Sluijters',http://vocab.getty.edu/aat/300020756
http://data.collectienederland.nl/resource/document/museum-de-fundatie/0000002245,'Jan Sluijters',http://vocab.getty.edu/aat/300020756
http://data.collectienederland.nl/resource/document/museum-de-fundatie/0000002246,'Jan Sluijters',http://vocab.getty.edu/aat/300020756
http://data.collectienederland.nl/resource/document/museum-de-fundatie/0000002247,'Jan Sluijters',http://vocab.getty.edu/aat/300020756
http://data.collectienederland.nl/resource/document/museum-de-fundatie/9000001099,'Jan Sluijters',http://vocab.getty.edu/aat/300020756
http://data.collectienederland.nl/resource/document/museum-de-fundatie/0000002132,'Harm Kamerlingh Onnes',http://vocab.getty.edu/aat/300020756
http://data.collectienederland.nl/resource/document/museum-de-fundatie/5000003176,'Hans van Hoek',http://vocab.getty.edu/aat/300020756
http://data.collectienederland.nl/resource/document/museum-de-fundatie/0000002000,'Ernest Albert',http://vocab.getty.edu/aat/300020756
http://data.collectienederland.nl/resource/document/museum-de-fundatie/0000002003,'Lizzy Ansingh',http://vocab.getty.edu/aat/300020756
http://data.collectienederland.nl/resource/document/museum-de-fundatie/0000002004,'Gerard Wilhelm van Apeldoorn',http://vocab.getty.edu/aat/300020756
http://data.collectienederland.nl/resource/document/museum-de-fundatie/0000002005,'Karel Appel',http://vocab.getty.edu/aat/300020756
http://data.collectienederland.nl/resource/document/museum-de-fundatie/0000004410,'Karel Appel',http://vocab.getty.edu/aat/300020756
http://data.collectienederland.nl/resource/document/museum-de-fundatie/8000007706,'Karel Appel',http://vocab.getty.edu/aat/300020756
http://data.collectienederland.nl/resource/document/museum-de-fundatie/9000000025,'Karel Appel',http://vocab.getty.edu/aat/300020756
http://data.collectienederland.nl/resource/document/museum-de-fundatie/9000000772,'Karel Appel',http://vocab.getty.edu/aat/300020756
http://data.collectienederland.nl/resource/document/museum-de-fundatie/9000000773,'Karel Appel',http://vocab.getty.edu/aat/300020756
http://data.collectienederland.nl/resource/document/museum-de-fundatie/9000009604,'Karel Appel',http://vocab.getty.edu/aat/300020756
http://data.collectienederland.nl/resource/document/museum-de-fundatie/0000002006,'Hans van Arkel',http://vocab.getty.edu/aat/300020756
http://data.collectienederland.nl/resource/document/museum-de-fundatie/0000002007,'Floris Arntzenius',http://vocab.getty.edu/aat/300020756
http://data.collectienederland.nl/resource/document/museum-de-fundatie/0000002008,'Jan Battermann',http://vocab.getty.edu/aat/300020756
http://data.collectienederland.nl/resource/document/museum-de-fundatie/0000002009,'André Bauchant',http://vocab.getty.edu/aat/300020756
http://data.collectienederland.nl/resource/document/museum-de-fundatie/0000002010,'Marius Bauer',http://vocab.getty.edu/aat/300020756
http://data.collectienederland.nl/resource/document/museum-de-fundatie/0000002073,'Marius Bauer',http://vocab.getty.edu/aat/300020756
http://data.collectienederland.nl/resource/document/museum-de-fundatie/0000002011,'Franz Beer',http://vocab.getty.edu/aat/300020756
http://data.collectienederland.nl/resource/document/museum-de-fundatie/0000002012,'Piet Begeer',http://vocab.getty.edu/aat/300020756
http://data.collectienederland.nl/resource/document/museum-de-fundatie/0000002013,'Piet Begeer',http://vocab.getty.edu/aat/300020756
http://data.collectienederland.nl/resource/document/museum-de-fundatie/0000002014,'Frits Van den Berghe',http://vocab.getty.edu/aat/300020756
http://data.collectienederland.nl/resource/document/museum-de-fundatie/0000002015,'Frits Van den Berghe',http://vocab.getty.edu/aat/300020756
http://data.collectienederland.nl/resource/document/museum-de-fundatie/0000002016,'Gerard Bergman',http://vocab.getty.edu/aat/300020756
http://data.collectienederland.nl/resource/document/museum-de-fundatie/0000002017,'Gerard Bergman',http://vocab.getty.edu/aat/300020756
http://data.collectienederland.nl/resource/document/museum-de-fundatie/0000002018,'Nicolas Pierre Loir',http://vocab.getty.edu/aat/300020756
http://data.collectienederland.nl/resource/document/museum-de-fundatie/0000002162,'Nicolas Pierre Loir',http://vocab.getty.edu/aat/300020756
http://data.collectienederland.nl/resource/document/museum-de-fundatie/0000002018,'Pietro Berrettini da Cortona',http://vocab.getty.edu/aat/300020756
http://data.collectienederland.nl/resource/document/museum-de-fundatie/0000002162,'Pietro Berrettini da Cortona',http://vocab.getty.edu/aat/300020756
http://data.collectienederland.nl/resource/document/museum-de-fundatie/0000002019,'Herman Berserik',http://vocab.getty.edu/aat/300020756
http://data.collectienederland.nl/resource/document/museum-de-fundatie/0000002020,'Hugo Berten',http://vocab.getty.edu/aat/300020756
http://data.collectienederland.nl/resource/document/museum-de-fundatie/0000002021,'Abraham van Beijeren',http://vocab.getty.edu/aat/300020756
http://data.collectienederland.nl/resource/document/museum-de-fundatie/0000002022,'Abraham van Beijeren',http://vocab.getty.edu/aat/300020756
http://data.collectienederland.nl/resource/document/museum-de-fundatie/0000002022,'Aert van der Neer',http://vocab.getty.edu/aat/300020756
http://data.collectienederland.nl/resource/document/museum-de-fundatie/0000002022,'Jan Josephsz. van Goyen',http://vocab.getty.edu/aat/300020756
http://data.collectienederland.nl/resource/document/museum-de-fundatie/0000002023,'Karel Boonenburg',http://vocab.getty.edu/aat/300020756
http://data.collectienederland.nl/resource/document/museum-de-fundatie/0000002024,'Karel Boonenburg',http://vocab.getty.edu/aat/300020756
http://data.collectienederland.nl/resource/document/museum-de-fundatie/0000002025,'Anthonie van Borssom',http://vocab.getty.edu/aat/300020756
http://data.collectienederland.nl/resource/document/museum-de-fundatie/0000002025,'Gesina ter Borch',http://vocab.getty.edu/aat/300020756
http://data.collectienederland.nl/resource/document/museum-de-fundatie/0000002026,'Johannes Bosboom',http://vocab.getty.edu/aat/300020756
http://data.collectienederland.nl/resource/document/museum-de-fundatie/0000002027,'Tjerk Bottema',http://vocab.getty.edu/aat/300020756
http://data.collectienederland.nl/resource/document/museum-de-fundatie/0000002028,'J. Bouwhuijs',http://vocab.getty.edu/aat/300020756
http://data.collectienederland.nl/resource/document/museum-de-fundatie/0000002029,'Leonaert Bramer',http://vocab.getty.edu/aat/300020756
http://data.collectienederland.nl/resource/document/museum-de-fundatie/0000002206,'Leonaert Bramer',http://vocab.getty.edu/aat/300020756
http://data.collectienederland.nl/resource/document/museum-de-fundatie/0000002029,'Simon Johannes van Douw',http://vocab.getty.edu/aat/300020756
http://data.collectienederland.nl/resource/document/museum-de-fundatie/0000002030,'Felice (I) Boselli',http://vocab.getty.edu/aat/300020756
http://data.collectienederland.nl/resource/document/museum-de-fundatie/0000002031,'George Hendrik Breitner',http://vocab.getty.edu/aat/300020756
http://data.collectienederland.nl/resource/document/museum-de-fundatie/0000002032,'Juan Breyten',http://vocab.getty.edu/aat/300020756
http://data.collectienederland.nl/resource/document/museum-de-fundatie/0000002033,'Maurice Brianchon',http://vocab.getty.edu/aat/300020756
http://data.collectienederland.nl/resource/document/museum-de-fundatie/0000002034,'Johan Briedé',http://vocab.getty.edu/aat/300020756
http://data.collectienederland.nl/resource/document/museum-de-fundatie/0000002036,'Baldassare de Caro',http://vocab.getty.edu/aat/300020756
http://data.collectienederland.nl/resource/document/museum-de-fundatie/0000002036,'Joannes Fijt',http://vocab.getty.edu/aat/300020756
http://data.collectienederland.nl/resource/document/museum-de-fundatie/0000002070,'Joannes Fijt',http://vocab.getty.edu/aat/300020756
http://data.collectienederland.nl/resource/document/museum-de-fundatie/0000002346,'Joannes Fijt',http://vocab.getty.edu/aat/300020756
http://data.collectienederland.nl/resource/document/museum-de-fundatie/0000002037,'Hendrik Chabot',http://vocab.getty.edu/aat/300020756
http://data.collectienederland.nl/resource/document/museum-de-fundatie/0000002038,'Hendrik Chabot',http://vocab.getty.edu/aat/300020756
http://data.collectienederland.nl/resource/document/museum-de-fundatie/0000002039,'Jules Chardigny',http://vocab.getty.edu/aat/300020756
http://data.collectienederland.nl/resource/document/museum-de-fundatie/0000002040,'Giorgio de Chirico',http://vocab.getty.edu/aat/300020756
http://data.collectienederland.nl/resource/document/museum-de-fundatie/0000002041,'A.E. van Rabel',http://vocab.getty.edu/aat/300020756
http://data.collectienederland.nl/resource/document/museum-de-fundatie/0000002041,'Pieter Claesz.',http://vocab.getty.edu/aat/300020756
http://data.collectienederland.nl/resource/document/museum-de-fundatie/0000002042,'Corneille',http://vocab.getty.edu/aat/300020756
http://data.collectienederland.nl/resource/document/museum-de-fundatie/9000000202,'Corneille',http://vocab.getty.edu/aat/300020756
http://data.collectienederland.nl/resource/document/museum-de-fundatie/0000002043,'Camille Corot',http://vocab.getty.edu/aat/300020756
http://data.collectienederland.nl/resource/document/museum-de-fundatie/0000002044,'Thomas Couture',http://vocab.getty.edu/aat/300020756
http://data.collectienederland.nl/resource/document/museum-de-fundatie/0000002045,'Hippolyte Daeye',http://vocab.getty.edu/aat/300020756
http://data.collectienederland.nl/resource/document/museum-de-fundatie/0000002046,'Hippolyte Daeye',http://vocab.getty.edu/aat/300020756
http://data.collectienederland.nl/resource/document/museum-de-fundatie/0000002047,'Charles-François Daubigny',http://vocab.getty.edu/aat/300020756
http://data.collectienederland.nl/resource/document/museum-de-fundatie/0000002048,'Charles-François Daubigny',http://vocab.getty.edu/aat/300020756
http://data.collectienederland.nl/resource/document/museum-de-fundatie/0000002049,'William Degouve de Nuncques',http://vocab.getty.edu/aat/300020756
http://data.collectienederland.nl/resource/document/museum-de-fundatie/0000002050,'André Derain',http://vocab.getty.edu/aat/300020756
http://data.collectienederland.nl/resource/document/museum-de-fundatie/0000002051,'Antonius Johannes Derkinderen',http://vocab.getty.edu/aat/300020756
http://data.collectienederland.nl/resource/document/museum-de-fundatie/0000002052,'Monsù Desiderio',http://vocab.getty.edu/aat/300020756
http://data.collectienederland.nl/resource/document/museum-de-fundatie/0000002053,'Tinus van Doorn',http://vocab.getty.edu/aat/300020756
http://data.collectienederland.nl/resource/document/museum-de-fundatie/0000002054,'Raoul Dufy',http://vocab.getty.edu/aat/300020756
http://data.collectienederland.nl/resource/document/museum-de-fundatie/0000002055,'Gerrit Willem Dijsselhof',http://vocab.getty.edu/aat/300020756
http://data.collectienederland.nl/resource/document/museum-de-fundatie/0000002056,'Gerrit Willem Dijsselhof',http://vocab.getty.edu/aat/300020756
http://data.collectienederland.nl/resource/document/museum-de-fundatie/0000002057,'Gerrit Willem Dijsselhof',http://vocab.getty.edu/aat/300020756
http://data.collectienederland.nl/resource/document/museum-de-fundatie/0000002058,'Gerrit Willem Dijsselhof',http://vocab.getty.edu/aat/300020756
http://data.collectienederland.nl/resource/document/museum-de-fundatie/0000002059,'Jan (I) Ekels',http://vocab.getty.edu/aat/300020756
http://data.collectienederland.nl/resource/document/museum-de-fundatie/0000002060,'Martin Engelman',http://vocab.getty.edu/aat/300020756
http://data.collectienederland.nl/resource/document/museum-de-fundatie/0000002063,'Henri Evenepoel',http://vocab.getty.edu/aat/300020756
http://data.collectienederland.nl/resource/document/museum-de-fundatie/0000002064,'Allaert van Everdingen',http://vocab.getty.edu/aat/300020756
http://data.collectienederland.nl/resource/document/museum-de-fundatie/0000002065,'Carel Fabritius',http://vocab.getty.edu/aat/300020756
http://data.collectienederland.nl/resource/document/museum-de-fundatie/0000002066,'Carel Fabritius',http://vocab.getty.edu/aat/300020756
http://data.collectienederland.nl/resource/document/museum-de-fundatie/0000002067,'Carel Fabritius',http://vocab.getty.edu/aat/300020756
http://data.collectienederland.nl/resource/document/museum-de-fundatie/0000002349,'Carel Fabritius',http://vocab.getty.edu/aat/300020756
http://data.collectienederland.nl/resource/document/museum-de-fundatie/0000002351,'Carel Fabritius',http://vocab.getty.edu/aat/300020756
http://data.collectienederland.nl/resource/document/museum-de-fundatie/0000002354,'Carel Fabritius',http://vocab.getty.edu/aat/300020756
http://data.collectienederland.nl/resource/document/museum-de-fundatie/0000003308,'Carel Fabritius',http://vocab.getty.edu/aat/300020756
http://data.collectienederland.nl/resource/document/museum-de-fundatie/0000002065,'H. Jansen',http://vocab.getty.edu/aat/300020756
http://data.collectienederland.nl/resource/document/museum-de-fundatie/0000002067,'Nicolaes Maes',http://vocab.getty.edu/aat/300020756
http://data.collectienederland.nl/resource/document/museum-de-fundatie/0000002069,'Mathieu Ficheroux',http://vocab.getty.edu/aat/300020756
http://data.collectienederland.nl/resource/document/museum-de-fundatie/0000002070,'Adriaen de Grijef',http://vocab.getty.edu/aat/300020756
http://data.collectienederland.nl/resource/document/museum-de-fundatie/0000002070,'Peeter Boel',http://vocab.getty.edu/aat/300020756
http://data.collectienederland.nl/resource/document/museum-de-fundatie/0000002071,'Frans (I) Floris',http://vocab.getty.edu/aat/300020756
http://data.collectienederland.nl/resource/document/museum-de-fundatie/0000002072,'Sébastien Stosskopff',http://vocab.getty.edu/aat/300020756
http://data.collectienederland.nl/resource/document/museum-de-fundatie/0000002073,'Ferdinand Heilbuth',http://vocab.getty.edu/aat/300020756
http://data.collectienederland.nl/resource/document/museum-de-fundatie/0000002074,'Alphons Freijmuth',http://vocab.getty.edu/aat/300020756
http://data.collectienederland.nl/resource/document/museum-de-fundatie/0000002075,'Roger Noël François de La Fresnaye',http://vocab.getty.edu/aat/300020756
http://data.collectienederland.nl/resource/document/museum-de-fundatie/0000002076,'Paul Joseph Constantin Gabriël',http://vocab.getty.edu/aat/300020756
http://data.collectienederland.nl/resource/document/museum-de-fundatie/0000002077,'Jacob van Geel',http://vocab.getty.edu/aat/300020756
http://data.collectienederland.nl/resource/document/museum-de-fundatie/0000002078,'Leo Gestel',http://vocab.getty.edu/aat/300020756
http://data.collectienederland.nl/resource/document/museum-de-fundatie/0000002079,'Leo Gestel',http://vocab.getty.edu/aat/300020756
http://data.collectienederland.nl/resource/document/museum-de-fundatie/0000002080,'Leo Gestel',http://vocab.getty.edu/aat/300020756
http://data.collectienederland.nl/resource/document/museum-de-fundatie/0000002081,'Leo Gestel',http://vocab.getty.edu/aat/300020756
http://data.collectienederland.nl/resource/document/museum-de-fundatie/8000003409,'Leo Gestel',http://vocab.getty.edu/aat/300020756
http://data.collectienederland.nl/resource/document/museum-de-fundatie/0000002082,'Vincent van Gogh',http://vocab.getty.edu/aat/300020756
http://data.collectienederland.nl/resource/document/museum-de-fundatie/0000002083,'Vincent van Gogh',http://vocab.getty.edu/aat/300020756
http://data.collectienederland.nl/resource/document/museum-de-fundatie/0000002084,'Vincent van Gogh',http://vocab.getty.edu/aat/300020756
http://data.collectienederland.nl/resource/document/museum-de-fundatie/0000002085,'Vincent van Gogh',http://vocab.getty.edu/aat/300020756
http://data.collectienederland.nl/resource/document/museum-de-fundatie/0000002086,'Giovanni Antonio Guardi',http://vocab.getty.edu/aat/300020756
http://data.collectienederland.nl/resource/document/museum-de-fundatie/0000002087,'Cornelis Cornelisz. van Haarlem',http://vocab.getty.edu/aat/300020756
http://data.collectienederland.nl/resource/document/museum-de-fundatie/0000002088,'Karst Haspers',http://vocab.getty.edu/aat/300020756
http://data.collectienederland.nl/resource/document/museum-de-fundatie/0000002089,'Karst Haspers',http://vocab.getty.edu/aat/300020756
http://data.collectienederland.nl/resource/document/museum-de-fundatie/0000002090,'Daniël van Heil',http://vocab.getty.edu/aat/300020756
http://data.collectienederland.nl/resource/document/museum-de-fundatie/0000002091,'Johann Ernst Heinsius',http://vocab.getty.edu/aat/300020756
http://data.collectienederland.nl/resource/document/museum-de-fundatie/0000002092,'Johan van Hell',http://vocab.getty.edu/aat/300020756
http://data.collectienederland.nl/resource/document/museum-de-fundatie/0000002093,'Auguste Herbin',http://vocab.getty.edu/aat/300020756
http://data.collectienederland.nl/resource/document/museum-de-fundatie/0000002094,'Auguste Herbin',http://vocab.getty.edu/aat/300020756
http://data.collectienederland.nl/resource/document/museum-de-fundatie/0000002095,'Auguste Herbin',http://vocab.getty.edu/aat/300020756
http://data.collectienederland.nl/resource/document/museum-de-fundatie/0000002096,'Harold Hitchcock',http://vocab.getty.edu/aat/300020756
http://data.collectienederland.nl/resource/document/museum-de-fundatie/0000002097,'Charles Howard Hodges',http://vocab.getty.edu/aat/300020756
http://data.collectienederland.nl/resource/document/museum-de-fundatie/0000002098,'Charles Howard Hodges',http://vocab.getty.edu/aat/300020756
http://data.collectienederland.nl/resource/document/museum-de-fundatie/0000002097,'John Parker',http://vocab.getty.edu/aat/300020756
http://data.collectienederland.nl/resource/document/museum-de-fundatie/0000002100,'William Hogarth',http://vocab.getty.edu/aat/300020756
http://data.collectienederland.nl/resource/document/museum-de-fundatie/0000002101,'Janssens',http://vocab.getty.edu/aat/300020756
http://data.collectienederland.nl/resource/document/museum-de-fundatie/0000002102,'Emanuel de Witte',http://vocab.getty.edu/aat/300020756
http://data.collectienederland.nl/resource/document/museum-de-fundatie/0000002320,'Emanuel de Witte',http://vocab.getty.edu/aat/300020756
http://data.collectienederland.nl/resource/document/museum-de-fundatie/0000002321,'Emanuel de Witte',http://vocab.getty.edu/aat/300020756
http://data.collectienederland.nl/resource/document/museum-de-fundatie/0000002360,'Emanuel de Witte',http://vocab.getty.edu/aat/300020756
http://data.collectienederland.nl/resource/document/museum-de-fundatie/0000002103,'Gerard ter (II) Borch',http://vocab.getty.edu/aat/300020756
http://data.collectienederland.nl/resource/document/museum-de-fundatie/0000002103,'Johannes Vermeer',http://vocab.getty.edu/aat/300020756
http://data.collectienederland.nl/resource/document/museum-de-fundatie/0000002121,'Johannes Vermeer',http://vocab.getty.edu/aat/300020756
http://data.collectienederland.nl/resource/document/museum-de-fundatie/0000002355,'Johannes Vermeer',http://vocab.getty.edu/aat/300020756
http://data.collectienederland.nl/resource/document/museum-de-fundatie/0000002359,'Johannes Vermeer',http://vocab.getty.edu/aat/300020756
http://data.collectienederland.nl/resource/document/museum-de-fundatie/0000002360,'Johannes Vermeer',http://vocab.getty.edu/aat/300020756
http://data.collectienederland.nl/resource/document/museum-de-fundatie/0000002361,'Johannes Vermeer',http://vocab.getty.edu/aat/300020756
http://data.collectienederland.nl/resource/document/museum-de-fundatie/0000002362,'Johannes Vermeer',http://vocab.getty.edu/aat/300020756
http://data.collectienederland.nl/resource/document/museum-de-fundatie/0000002363,'Johannes Vermeer',http://vocab.getty.edu/aat/300020756
http://data.collectienederland.nl/resource/document/museum-de-fundatie/0000002364,'Johannes Vermeer',http://vocab.getty.edu/aat/300020756
http://data.collectienederland.nl/resource/document/museum-de-fundatie/0000002365,'Johannes Vermeer',http://vocab.getty.edu/aat/300020756
http://data.collectienederland.nl/resource/document/museum-de-fundatie/8000009516,'Johannes Vermeer',http://vocab.getty.edu/aat/300020756
http://data.collectienederland.nl/resource/document/museum-de-fundatie/0000002104,'Gillis Claesz. de Hondecoeter',http://vocab.getty.edu/aat/300020756
http://data.collectienederland.nl/resource/document/museum-de-fundatie/0000002105,'Ina Hooft',http://vocab.getty.edu/aat/300020756
http://data.collectienederland.nl/resource/document/museum-de-fundatie/0000002106,'Ina Hooft',http://vocab.getty.edu/aat/300020756
http://data.collectienederland.nl/resource/document/museum-de-fundatie/0000002107,'Meester van Hoogstraeten',http://vocab.getty.edu/aat/300020756
http://data.collectienederland.nl/resource/document/museum-de-fundatie/0000002108,'A Horstink',http://vocab.getty.edu/aat/300020756
http://data.collectienederland.nl/resource/document/museum-de-fundatie/0000002109,'Barbara Elisabeth van Houten',http://vocab.getty.edu/aat/300020756
http://data.collectienederland.nl/resource/document/museum-de-fundatie/0000002110,'Jan Hoynck van Papendrecht',http://vocab.getty.edu/aat/300020756
http://data.collectienederland.nl/resource/document/museum-de-fundatie/0000002111,'Jean-Baptiste (I) Huet',http://vocab.getty.edu/aat/300020756
http://data.collectienederland.nl/resource/document/museum-de-fundatie/0000002112,'Laurent de la Hire',http://vocab.getty.edu/aat/300020756
http://data.collectienederland.nl/resource/document/museum-de-fundatie/0000002113,'Laurent de la Hire',http://vocab.getty.edu/aat/300020756
http://data.collectienederland.nl/resource/document/museum-de-fundatie/0000002114,'Hans van Ieperen',http://vocab.getty.edu/aat/300020756
http://data.collectienederland.nl/resource/document/museum-de-fundatie/0000002115,'Isaac Israels',http://vocab.getty.edu/aat/300020756
http://data.collectienederland.nl/resource/document/museum-de-fundatie/0000002116,'Isaac Israels',http://vocab.getty.edu/aat/300020756
http://data.collectienederland.nl/resource/document/museum-de-fundatie/0000002117,'Isaac Israels',http://vocab.getty.edu/aat/300020756
http://data.collectienederland.nl/resource/document/museum-de-fundatie/0000002118,'Isaac Israels',http://vocab.getty.edu/aat/300020756
http://data.collectienederland.nl/resource/document/museum-de-fundatie/0000002119,'Jacobus van Koningsveld',http://vocab.getty.edu/aat/300020756
http://data.collectienederland.nl/resource/document/museum-de-fundatie/0000002119,'Jozef Israëls',http://vocab.getty.edu/aat/300020756
http://data.collectienederland.nl/resource/document/museum-de-fundatie/0000002120,'Charles Émile Jacque',http://vocab.getty.edu/aat/300020756
http://data.collectienederland.nl/resource/document/museum-de-fundatie/0000002121,'Abraham (I) Janssens',http://vocab.getty.edu/aat/300020756
http://data.collectienederland.nl/resource/document/museum-de-fundatie/0000002122,'Alexej von Jawlensky',http://vocab.getty.edu/aat/300020756
http://data.collectienederland.nl/resource/document/museum-de-fundatie/0000002122,'Andreas Jawlensky',http://vocab.getty.edu/aat/300020756
http://data.collectienederland.nl/resource/document/museum-de-fundatie/0000002123,'Marcel Jefferys',http://vocab.getty.edu/aat/300020756
http://data.collectienederland.nl/resource/document/museum-de-fundatie/0000002124,'Marie de Jonge',http://vocab.getty.edu/aat/300020756
http://data.collectienederland.nl/resource/document/museum-de-fundatie/0000002125,'Johan Barthold Jongkind',http://vocab.getty.edu/aat/300020756
http://data.collectienederland.nl/resource/document/museum-de-fundatie/0000002126,'Jacob Jordaens',http://vocab.getty.edu/aat/300020756
http://data.collectienederland.nl/resource/document/museum-de-fundatie/0000002350,'Jacob Jordaens',http://vocab.getty.edu/aat/300020756
http://data.collectienederland.nl/resource/document/museum-de-fundatie/0000002127,'Pieter de Josselin de Jong',http://vocab.getty.edu/aat/300020756
http://data.collectienederland.nl/resource/document/museum-de-fundatie/0000002128,'Pieter de Josselin de Jong',http://vocab.getty.edu/aat/300020756
http://data.collectienederland.nl/resource/document/museum-de-fundatie/0000002129,'Willem Kalf',http://vocab.getty.edu/aat/300020756
http://data.collectienederland.nl/resource/document/museum-de-fundatie/0000002130,'Willem Kalf',http://vocab.getty.edu/aat/300020756
http://data.collectienederland.nl/resource/document/museum-de-fundatie/0000002131,'Willem Kalf',http://vocab.getty.edu/aat/300020756
http://data.collectienederland.nl/resource/document/museum-de-fundatie/0000002133,'Theo Kerg',http://vocab.getty.edu/aat/300020756
http://data.collectienederland.nl/resource/document/museum-de-fundatie/0000002134,'Kees Keus',http://vocab.getty.edu/aat/300020756
http://data.collectienederland.nl/resource/document/museum-de-fundatie/0000002135,'Josephus Augustus Knip',http://vocab.getty.edu/aat/300020756
http://data.collectienederland.nl/resource/document/museum-de-fundatie/0000002343,'Josephus Augustus Knip',http://vocab.getty.edu/aat/300020756
http://data.collectienederland.nl/resource/document/museum-de-fundatie/0000002136,'Nicolaes Knüpfer',http://vocab.getty.edu/aat/300020756
http://data.collectienederland.nl/resource/document/museum-de-fundatie/0000002137,'Willem van Konijnenburg',http://vocab.getty.edu/aat/300020756
http://data.collectienederland.nl/resource/document/museum-de-fundatie/0000002139,'Jo Koster',http://vocab.getty.edu/aat/300020756
http://data.collectienederland.nl/resource/document/museum-de-fundatie/0000002140,'Jo Koster',http://vocab.getty.edu/aat/300020756
http://data.collectienederland.nl/resource/document/museum-de-fundatie/0000002141,'Cornelis Kruseman',http://vocab.getty.edu/aat/300020756
http://data.collectienederland.nl/resource/document/museum-de-fundatie/0000002142,'Jan Adam Kruseman',http://vocab.getty.edu/aat/300020756
http://data.collectienederland.nl/resource/document/museum-de-fundatie/0000002143,'Jan Adam Kruseman',http://vocab.getty.edu/aat/300020756
http://data.collectienederland.nl/resource/document/museum-de-fundatie/0000003179,'Jan Adam Kruseman',http://vocab.getty.edu/aat/300020756
http://data.collectienederland.nl/resource/document/museum-de-fundatie/0000002143,'Joseph Paelinck',http://vocab.getty.edu/aat/300020756
http://data.collectienederland.nl/resource/document/museum-de-fundatie/0000002144,'Harrie Kuyten',http://vocab.getty.edu/aat/300020756
http://data.collectienederland.nl/resource/document/museum-de-fundatie/0000002145,'Adri Ladenius',http://vocab.getty.edu/aat/300020756
http://data.collectienederland.nl/resource/document/museum-de-fundatie/0000002147,'Nicolas de Largillière',http://vocab.getty.edu/aat/300020756
http://data.collectienederland.nl/resource/document/museum-de-fundatie/0000002150,'Jan Lievens',http://vocab.getty.edu/aat/300020756
http://data.collectienederland.nl/resource/document/museum-de-fundatie/0000002150,'Leidse school',http://vocab.getty.edu/aat/300020756
http://data.collectienederland.nl/resource/document/museum-de-fundatie/0000002150,'Rembrandt',http://vocab.getty.edu/aat/300020756
http://data.collectienederland.nl/resource/document/museum-de-fundatie/0000002151,'Adriaan de Lelie',http://vocab.getty.edu/aat/300020756
http://data.collectienederland.nl/resource/document/museum-de-fundatie/0000002152,'Adriaan de Lelie',http://vocab.getty.edu/aat/300020756
http://data.collectienederland.nl/resource/document/museum-de-fundatie/0000002153,'Adriaan de Lelie',http://vocab.getty.edu/aat/300020756
http://data.collectienederland.nl/resource/document/museum-de-fundatie/0000002154,'Adriaan de Lelie',http://vocab.getty.edu/aat/300020756
http://data.collectienederland.nl/resource/document/museum-de-fundatie/0000002155,'Adriaan de Lelie',http://vocab.getty.edu/aat/300020756
http://data.collectienederland.nl/resource/document/museum-de-fundatie/0000002156,'Eustache Lesueur',http://vocab.getty.edu/aat/300020756
http://data.collectienederland.nl/resource/document/museum-de-fundatie/0000002156,'Filippo Lauri',http://vocab.getty.edu/aat/300020756
http://data.collectienederland.nl/resource/document/museum-de-fundatie/0000002157,'Henk Leurs',http://vocab.getty.edu/aat/300020756
http://data.collectienederland.nl/resource/document/museum-de-fundatie/0000002158,'Willem van Leusden',http://vocab.getty.edu/aat/300020756
http://data.collectienederland.nl/resource/document/museum-de-fundatie/0000002160,'Leendert van Lier',http://vocab.getty.edu/aat/300020756
http://data.collectienederland.nl/resource/document/museum-de-fundatie/0000002161,'Leendert van Lier',http://vocab.getty.edu/aat/300020756
http://data.collectienederland.nl/resource/document/museum-de-fundatie/0000002163,'Alessandro Longhi',http://vocab.getty.edu/aat/300020756
http://data.collectienederland.nl/resource/document/museum-de-fundatie/0000002164,'Eugenio Lucas Velázquez',http://vocab.getty.edu/aat/300020756
http://data.collectienederland.nl/resource/document/museum-de-fundatie/0000002164,'Jan Huchtenburg',http://vocab.getty.edu/aat/300020756
http://data.collectienederland.nl/resource/document/museum-de-fundatie/0000002166,'Carlo Magini',http://vocab.getty.edu/aat/300020756
http://data.collectienederland.nl/resource/document/museum-de-fundatie/0000002167,'Carlo Magini',http://vocab.getty.edu/aat/300020756
http://data.collectienederland.nl/resource/document/museum-de-fundatie/0000002166,'Paolo Antonio Barbieri',http://vocab.getty.edu/aat/300020756
http://data.collectienederland.nl/resource/document/museum-de-fundatie/0000002167,'Paolo Antonio Barbieri',http://vocab.getty.edu/aat/300020756
http://data.collectienederland.nl/resource/document/museum-de-fundatie/0000002168,'Alessandro Magnasco',http://vocab.getty.edu/aat/300020756
http://data.collectienederland.nl/resource/document/museum-de-fundatie/0000002169,'Alessandro Magnasco',http://vocab.getty.edu/aat/300020756
http://data.collectienederland.nl/resource/document/museum-de-fundatie/0000002170,'Alessandro Magnasco',http://vocab.getty.edu/aat/300020756
http://data.collectienederland.nl/resource/document/museum-de-fundatie/0000002171,'Matthijs Maris',http://vocab.getty.edu/aat/300020756
http://data.collectienederland.nl/resource/document/museum-de-fundatie/0000002172,'Albert Marquet',http://vocab.getty.edu/aat/300020756
http://data.collectienederland.nl/resource/document/museum-de-fundatie/0000003094,'Albert Marquet',http://vocab.getty.edu/aat/300020756
http://data.collectienederland.nl/resource/document/museum-de-fundatie/0000002173,'Geert Marree',http://vocab.getty.edu/aat/300020756
http://data.collectienederland.nl/resource/document/museum-de-fundatie/0000002175,'Luis Meléndes',http://vocab.getty.edu/aat/300020756
http://data.collectienederland.nl/resource/document/museum-de-fundatie/0000002359,'Luis Meléndes',http://vocab.getty.edu/aat/300020756
http://data.collectienederland.nl/resource/document/museum-de-fundatie/0000002176,'Georges Michel',http://vocab.getty.edu/aat/300020756
http://data.collectienederland.nl/resource/document/museum-de-fundatie/0000002177,'Pier Francesco Mola',http://vocab.getty.edu/aat/300020756
http://data.collectienederland.nl/resource/document/museum-de-fundatie/0000002178,'Piet Mondriaan',http://vocab.getty.edu/aat/300020756
http://data.collectienederland.nl/resource/document/museum-de-fundatie/0000002179,'Piet Mondriaan',http://vocab.getty.edu/aat/300020756
http://data.collectienederland.nl/resource/document/museum-de-fundatie/0000002180,'Piet Mondriaan',http://vocab.getty.edu/aat/300020756
http://data.collectienederland.nl/resource/document/museum-de-fundatie/8000003385,'Piet Mondriaan',http://vocab.getty.edu/aat/300020756
http://data.collectienederland.nl/resource/document/museum-de-fundatie/0000002181,'Hendrik Assuerusz. van Montfoort',http://vocab.getty.edu/aat/300020756
http://data.collectienederland.nl/resource/document/museum-de-fundatie/0000002182,'Adolphe Joseph Thomas Monticelli',http://vocab.getty.edu/aat/300020756
http://data.collectienederland.nl/resource/document/museum-de-fundatie/0000002183,'Adolphe Joseph Thomas Monticelli',http://vocab.getty.edu/aat/300020756
http://data.collectienederland.nl/resource/document/museum-de-fundatie/0000002184,'Paulus Moreelse',http://vocab.getty.edu/aat/300020756
http://data.collectienederland.nl/resource/document/museum-de-fundatie/0000002185,'Paulus Moreelse',http://vocab.getty.edu/aat/300020756
http://data.collectienederland.nl/resource/document/museum-de-fundatie/0000002186,'Xeno Agustus Franciscus Lodovicus Münninghof',http://vocab.getty.edu/aat/300020756
http://data.collectienederland.nl/resource/document/museum-de-fundatie/0000002187,'Adriaen van Nieulandt',http://vocab.getty.edu/aat/300020756
http://data.collectienederland.nl/resource/document/museum-de-fundatie/0000002188,'Dirk Hidde Nijland',http://vocab.getty.edu/aat/300020756
http://data.collectienederland.nl/resource/document/museum-de-fundatie/0000002189,'Wim Oepts',http://vocab.getty.edu/aat/300020756
http://data.collectienederland.nl/resource/document/museum-de-fundatie/0000002190,'Hendrick ten Oever',http://vocab.getty.edu/aat/300020756
http://data.collectienederland.nl/resource/document/museum-de-fundatie/0000002191,'Roland Oudot',http://vocab.getty.edu/aat/300020756
http://data.collectienederland.nl/resource/document/museum-de-fundatie/0000002192,'Max Pechstein',http://vocab.getty.edu/aat/300020756
http://data.collectienederland.nl/resource/document/museum-de-fundatie/0000002193,'Constant Permeke',http://vocab.getty.edu/aat/300020756
http://data.collectienederland.nl/resource/document/museum-de-fundatie/0000002194,'Constant Permeke',http://vocab.getty.edu/aat/300020756
http://data.collectienederland.nl/resource/document/museum-de-fundatie/0000002195,'Constant Permeke',http://vocab.getty.edu/aat/300020756
http://data.collectienederland.nl/resource/document/museum-de-fundatie/0000002196,'Constant Permeke',http://vocab.getty.edu/aat/300020756
http://data.collectienederland.nl/resource/document/museum-de-fundatie/0000002197,'Constant Permeke',http://vocab.getty.edu/aat/300020756
http://data.collectienederland.nl/resource/document/museum-de-fundatie/0000002198,'Constant Permeke',http://vocab.getty.edu/aat/300020756
http://data.collectienederland.nl/resource/document/museum-de-fundatie/0000002199,'Francis Picabia',http://vocab.getty.edu/aat/300020756
http://data.collectienederland.nl/resource/document/museum-de-fundatie/0000002200,'Francis Picabia',http://vocab.getty.edu/aat/300020756
http://data.collectienederland.nl/resource/document/museum-de-fundatie/0000002201,'David van der Plas',http://vocab.getty.edu/aat/300020756
http://data.collectienederland.nl/resource/document/museum-de-fundatie/0000002201,'Jan de Braij',http://vocab.getty.edu/aat/300020756
http://data.collectienederland.nl/resource/document/museum-de-fundatie/0000002202,'Bastiaan de Poorter',http://vocab.getty.edu/aat/300020756
http://data.collectienederland.nl/resource/document/museum-de-fundatie/0000002203,'Bastiaan de Poorter',http://vocab.getty.edu/aat/300020756
http://data.collectienederland.nl/resource/document/museum-de-fundatie/0000002204,'Bastiaan de Poorter',http://vocab.getty.edu/aat/300020756
http://data.collectienederland.nl/resource/document/museum-de-fundatie/0000002205,'Valentine Prax',http://vocab.getty.edu/aat/300020756
http://data.collectienederland.nl/resource/document/museum-de-fundatie/0000002206,'Louis Cousin',http://vocab.getty.edu/aat/300020756
http://data.collectienederland.nl/resource/document/museum-de-fundatie/0000002207,'Pierre Paul Prud'hon',http://vocab.getty.edu/aat/300020756
http://data.collectienederland.nl/resource/document/museum-de-fundatie/0000002208,'Pierre Paul Prud'hon',http://vocab.getty.edu/aat/300020756
http://data.collectienederland.nl/resource/document/museum-de-fundatie/0000002209,'Hendrik Raab',http://vocab.getty.edu/aat/300020756
http://data.collectienederland.nl/resource/document/museum-de-fundatie/0000002212,'Anthon van Rappard',http://vocab.getty.edu/aat/300020756
http://data.collectienederland.nl/resource/document/museum-de-fundatie/0000002213,'Otto van Rees',http://vocab.getty.edu/aat/300020756
http://data.collectienederland.nl/resource/document/museum-de-fundatie/0000002214,'Otto van Rees',http://vocab.getty.edu/aat/300020756
http://data.collectienederland.nl/resource/document/museum-de-fundatie/0000002215,'Jusepe Ribera',http://vocab.getty.edu/aat/300020756
http://data.collectienederland.nl/resource/document/museum-de-fundatie/0000002216,'Marius Richters',http://vocab.getty.edu/aat/300020756
http://data.collectienederland.nl/resource/document/museum-de-fundatie/0000002217,'Marius Richters',http://vocab.getty.edu/aat/300020756
http://data.collectienederland.nl/resource/document/museum-de-fundatie/0000002218,'Marius Richters',http://vocab.getty.edu/aat/300020756
http://data.collectienederland.nl/resource/document/museum-de-fundatie/0000002219,'Marius Richters',http://vocab.getty.edu/aat/300020756
http://data.collectienederland.nl/resource/document/museum-de-fundatie/0000002220,'Coba Ritsema',http://vocab.getty.edu/aat/300020756
http://data.collectienederland.nl/resource/document/museum-de-fundatie/0000002221,'Coba Ritsema',http://vocab.getty.edu/aat/300020756
http://data.collectienederland.nl/resource/document/museum-de-fundatie/0000002222,'Charles Roelofsz',http://vocab.getty.edu/aat/300020756
http://data.collectienederland.nl/resource/document/museum-de-fundatie/0000002223,'Hercules Seghers',http://vocab.getty.edu/aat/300020756
http://data.collectienederland.nl/resource/document/museum-de-fundatie/0000002233,'Hercules Seghers',http://vocab.getty.edu/aat/300020756
http://data.collectienederland.nl/resource/document/museum-de-fundatie/0000002234,'Hercules Seghers',http://vocab.getty.edu/aat/300020756
http://data.collectienederland.nl/resource/document/museum-de-fundatie/0000002235,'Hercules Seghers',http://vocab.getty.edu/aat/300020756
http://data.collectienederland.nl/resource/document/museum-de-fundatie/0000002236,'Hercules Seghers',http://vocab.getty.edu/aat/300020756
http://data.collectienederland.nl/resource/document/museum-de-fundatie/0000002223,'Roelant Roghman',http://vocab.getty.edu/aat/300020756
http://data.collectienederland.nl/resource/document/museum-de-fundatie/0000002225,'Théodore Rousseau',http://vocab.getty.edu/aat/300020756
http://data.collectienederland.nl/resource/document/museum-de-fundatie/0000002226,'Pieter Jansz. van Ruyven',http://vocab.getty.edu/aat/300020756
http://data.collectienederland.nl/resource/document/museum-de-fundatie/0000002227,'Olga Nikolaevna Sacharova',http://vocab.getty.edu/aat/300020756
http://data.collectienederland.nl/resource/document/museum-de-fundatie/0000002228,'Valerius De Saedeleer',http://vocab.getty.edu/aat/300020756
http://data.collectienederland.nl/resource/document/museum-de-fundatie/0000002229,'Raden Sarief Bastaman Saleh',http://vocab.getty.edu/aat/300020756
http://data.collectienederland.nl/resource/document/museum-de-fundatie/0000002230,'Andrea (I) Scacciati',http://vocab.getty.edu/aat/300020756
http://data.collectienederland.nl/resource/document/museum-de-fundatie/0000002231,'Jacob van Schagen',http://vocab.getty.edu/aat/300020756
http://data.collectienederland.nl/resource/document/museum-de-fundatie/0000002232,'Godfridus Schalcken',http://vocab.getty.edu/aat/300020756
http://data.collectienederland.nl/resource/document/museum-de-fundatie/0000002235,'Monogrammist K.H',http://vocab.getty.edu/aat/300020756
http://data.collectienederland.nl/resource/document/museum-de-fundatie/0000002237,'Gino Severini',http://vocab.getty.edu/aat/300020756
http://data.collectienederland.nl/resource/document/museum-de-fundatie/0000002238,'Gino Severini',http://vocab.getty.edu/aat/300020756
http://data.collectienederland.nl/resource/document/museum-de-fundatie/0000002239,'François Simonau',http://vocab.getty.edu/aat/300020756
http://data.collectienederland.nl/resource/document/museum-de-fundatie/0000002248,'Gustave de Smet',http://vocab.getty.edu/aat/300020756
http://data.collectienederland.nl/resource/document/museum-de-fundatie/0000002249,'Gustave de Smet',http://vocab.getty.edu/aat/300020756
http://data.collectienederland.nl/resource/document/museum-de-fundatie/0000002250,'Gustave de Smet',http://vocab.getty.edu/aat/300020756
http://data.collectienederland.nl/resource/document/museum-de-fundatie/0000002251,'Gustave de Smet',http://vocab.getty.edu/aat/300020756
http://data.collectienederland.nl/resource/document/museum-de-fundatie/0000002252,'Gustave de Smet',http://vocab.getty.edu/aat/300020756
http://data.collectienederland.nl/resource/document/museum-de-fundatie/0000002253,'Gustave de Smet',http://vocab.getty.edu/aat/300020756
http://data.collectienederland.nl/resource/document/museum-de-fundatie/0000002254,'Leon De Smet',http://vocab.getty.edu/aat/300020756
http://data.collectienederland.nl/resource/document/museum-de-fundatie/0000002255,'Jakob Smits',http://vocab.getty.edu/aat/300020756
http://data.collectienederland.nl/resource/document/museum-de-fundatie/0000002256,'Chris Snijders',http://vocab.getty.edu/aat/300020756
http://data.collectienederland.nl/resource/document/museum-de-fundatie/0000002257,'Frans Snijders',http://vocab.getty.edu/aat/300020756
http://data.collectienederland.nl/resource/document/museum-de-fundatie/0000002258,'Wim Steijn',http://vocab.getty.edu/aat/300020756
http://data.collectienederland.nl/resource/document/museum-de-fundatie/0000002259,'Bernardo Strozzi',http://vocab.getty.edu/aat/300020756
http://data.collectienederland.nl/resource/document/museum-de-fundatie/0000002359,'Bernardo Strozzi',http://vocab.getty.edu/aat/300020756
http://data.collectienederland.nl/resource/document/museum-de-fundatie/0000002260,'Charles Hubert de Stuers',http://vocab.getty.edu/aat/300020756
http://data.collectienederland.nl/resource/document/museum-de-fundatie/0000002261,'Eugène de Stuers',http://vocab.getty.edu/aat/300020756
http://data.collectienederland.nl/resource/document/museum-de-fundatie/0000002262,'Louis Henri Wilhelmus Merckes de Stuers',http://vocab.getty.edu/aat/300020756
http://data.collectienederland.nl/resource/document/museum-de-fundatie/0000002263,'Louis Henri Wilhelmus Merckes de Stuers',http://vocab.getty.edu/aat/300020756
http://data.collectienederland.nl/resource/document/museum-de-fundatie/0000002264,'Louis Henri Wilhelmus Merckes de Stuers',http://vocab.getty.edu/aat/300020756
http://data.collectienederland.nl/resource/document/museum-de-fundatie/0000002265,'Louis Henri Wilhelmus Merckes de Stuers',http://vocab.getty.edu/aat/300020756
http://data.collectienederland.nl/resource/document/museum-de-fundatie/0000002266,'Louis Henri Wilhelmus Merckes de Stuers',http://vocab.getty.edu/aat/300020756
http://data.collectienederland.nl/resource/document/museum-de-fundatie/0000002267,'Louis Henri Wilhelmus Merckes de Stuers',http://vocab.getty.edu/aat/300020756
http://data.collectienederland.nl/resource/document/museum-de-fundatie/0000002268,'Louis Henri Wilhelmus Merckes de Stuers',http://vocab.getty.edu/aat/300020756
http://data.collectienederland.nl/resource/document/museum-de-fundatie/0000002270,'David (II) Teniers',http://vocab.getty.edu/aat/300020756
http://data.collectienederland.nl/resource/document/museum-de-fundatie/0000002271,'Abraham Bloemaert',http://vocab.getty.edu/aat/300020756
http://data.collectienederland.nl/resource/document/museum-de-fundatie/0000002271,'Hendrick ter Brugghen',http://vocab.getty.edu/aat/300020756
http://data.collectienederland.nl/resource/document/museum-de-fundatie/0000002272,'Willem Bastiaan Tholen',http://vocab.getty.edu/aat/300020756
http://data.collectienederland.nl/resource/document/museum-de-fundatie/0000003233,'Willem Bastiaan Tholen',http://vocab.getty.edu/aat/300020756
http://data.collectienederland.nl/resource/document/museum-de-fundatie/0000003234,'Willem Bastiaan Tholen',http://vocab.getty.edu/aat/300020756
http://data.collectienederland.nl/resource/document/museum-de-fundatie/0000004043,'Willem Bastiaan Tholen',http://vocab.getty.edu/aat/300020756
http://data.collectienederland.nl/resource/document/museum-de-fundatie/0000002273,'Jan van Tongeren',http://vocab.getty.edu/aat/300020756
http://data.collectienederland.nl/resource/document/museum-de-fundatie/0000002274,'Charley Toorop',http://vocab.getty.edu/aat/300020756
http://data.collectienederland.nl/resource/document/museum-de-fundatie/0000003175,'Charley Toorop',http://vocab.getty.edu/aat/300020756
http://data.collectienederland.nl/resource/document/museum-de-fundatie/9000000645,'Charley Toorop',http://vocab.getty.edu/aat/300020756
http://data.collectienederland.nl/resource/document/museum-de-fundatie/9000001107,'Charley Toorop',http://vocab.getty.edu/aat/300020756
http://data.collectienederland.nl/resource/document/museum-de-fundatie/9000001110,'Charley Toorop',http://vocab.getty.edu/aat/300020756
http://data.collectienederland.nl/resource/document/museum-de-fundatie/0000002275,'Jan Toorop',http://vocab.getty.edu/aat/300020756
http://data.collectienederland.nl/resource/document/museum-de-fundatie/0000002276,'Jan Toorop',http://vocab.getty.edu/aat/300020756
http://data.collectienederland.nl/resource/document/museum-de-fundatie/0000002277,'Cornelis Troost',http://vocab.getty.edu/aat/300020756
http://data.collectienederland.nl/resource/document/museum-de-fundatie/0000002278,'Cornelis Troost',http://vocab.getty.edu/aat/300020756
http://data.collectienederland.nl/resource/document/museum-de-fundatie/0000002278,'George Romney',http://vocab.getty.edu/aat/300020756
http://data.collectienederland.nl/resource/document/museum-de-fundatie/0000002279,'Constant Troyon',http://vocab.getty.edu/aat/300020756
http://data.collectienederland.nl/resource/document/museum-de-fundatie/0000002280,'Joseph Mallord William Turner',http://vocab.getty.edu/aat/300020756
http://data.collectienederland.nl/resource/document/museum-de-fundatie/0000002281,'Edgard Tytgat',http://vocab.getty.edu/aat/300020756
http://data.collectienederland.nl/resource/document/museum-de-fundatie/0000002282,'Edgard Tytgat',http://vocab.getty.edu/aat/300020756
http://data.collectienederland.nl/resource/document/museum-de-fundatie/0000002283,'Walter Vaes',http://vocab.getty.edu/aat/300020756
http://data.collectienederland.nl/resource/document/museum-de-fundatie/0000002284,'Walter Vaes',http://vocab.getty.edu/aat/300020756
http://data.collectienederland.nl/resource/document/museum-de-fundatie/0000002285,'Walter Vaes',http://vocab.getty.edu/aat/300020756
http://data.collectienederland.nl/resource/document/museum-de-fundatie/0000002286,'Walter Vaes',http://vocab.getty.edu/aat/300020756
http://data.collectienederland.nl/resource/document/museum-de-fundatie/0000002287,'Walter Vaes',http://vocab.getty.edu/aat/300020756
http://data.collectienederland.nl/resource/document/museum-de-fundatie/0000002290,'Adriaen van de Velde',http://vocab.getty.edu/aat/300020756
http://data.collectienederland.nl/resource/document/museum-de-fundatie/0000002291,'Frits Verdonk',http://vocab.getty.edu/aat/300020756
http://data.collectienederland.nl/resource/document/museum-de-fundatie/0000002292,'Carle Vernet',http://vocab.getty.edu/aat/300020756
http://data.collectienederland.nl/resource/document/museum-de-fundatie/0000002293,'Carle Vernet',http://vocab.getty.edu/aat/300020756
http://data.collectienederland.nl/resource/document/museum-de-fundatie/0000002294,'Floris Verster',http://vocab.getty.edu/aat/300020756
http://data.collectienederland.nl/resource/document/museum-de-fundatie/0000002295,'Kees Verwey',http://vocab.getty.edu/aat/300020756
http://data.collectienederland.nl/resource/document/museum-de-fundatie/0000002296,'Claude Vignon',http://vocab.getty.edu/aat/300020756
http://data.collectienederland.nl/resource/document/museum-de-fundatie/0000002297,'Victor Alfred Paul Vignon',http://vocab.getty.edu/aat/300020756
http://data.collectienederland.nl/resource/document/museum-de-fundatie/0000002300,'Hendrik Voogd',http://vocab.getty.edu/aat/300020756
http://data.collectienederland.nl/resource/document/museum-de-fundatie/0000002301,'Simon Vouet',http://vocab.getty.edu/aat/300020756
http://data.collectienederland.nl/resource/document/museum-de-fundatie/0000002302,'Simon Vouet',http://vocab.getty.edu/aat/300020756
http://data.collectienederland.nl/resource/document/museum-de-fundatie/0000002303,'Jacob Vrel',http://vocab.getty.edu/aat/300020756
http://data.collectienederland.nl/resource/document/museum-de-fundatie/0000002304,'Jannes de Vries',http://vocab.getty.edu/aat/300020756
http://data.collectienederland.nl/resource/document/museum-de-fundatie/0000002305,'Cornelis Hendriksz. Vroom',http://vocab.getty.edu/aat/300020756
http://data.collectienederland.nl/resource/document/museum-de-fundatie/0000002306,'Jaap Wagemaker',http://vocab.getty.edu/aat/300020756
http://data.collectienederland.nl/resource/document/museum-de-fundatie/0000002307,'Jaap Wagemaker',http://vocab.getty.edu/aat/300020756
http://data.collectienederland.nl/resource/document/museum-de-fundatie/0000002308,'Jan Baptist Weenix',http://vocab.getty.edu/aat/300020756
http://data.collectienederland.nl/resource/document/museum-de-fundatie/0000002349,'Jan Baptist Weenix',http://vocab.getty.edu/aat/300020756
http://data.collectienederland.nl/resource/document/museum-de-fundatie/0000002309,'Jaap Weyand',http://vocab.getty.edu/aat/300020756
http://data.collectienederland.nl/resource/document/museum-de-fundatie/0000002310,'Jaap Weyand',http://vocab.getty.edu/aat/300020756
http://data.collectienederland.nl/resource/document/museum-de-fundatie/0000002311,'Jaap Weyand',http://vocab.getty.edu/aat/300020756
http://data.collectienederland.nl/resource/document/museum-de-fundatie/0000002312,'Jan Hendrik Weissenbruch',http://vocab.getty.edu/aat/300020756
http://data.collectienederland.nl/resource/document/museum-de-fundatie/0000002316,'Jan Wiegers',http://vocab.getty.edu/aat/300020756
http://data.collectienederland.nl/resource/document/museum-de-fundatie/0000002317,'Jan Wiegers',http://vocab.getty.edu/aat/300020756
http://data.collectienederland.nl/resource/document/museum-de-fundatie/0000004027,'Jan Wiegers',http://vocab.getty.edu/aat/300020756
http://data.collectienederland.nl/resource/document/museum-de-fundatie/0000002318,'Matthieu Wiegman',http://vocab.getty.edu/aat/300020756
http://data.collectienederland.nl/resource/document/museum-de-fundatie/0000002319,'Matthias Withoos',http://vocab.getty.edu/aat/300020756
http://data.collectienederland.nl/resource/document/museum-de-fundatie/0000002321,'Hendrick Jacobsz. Dubbels',http://vocab.getty.edu/aat/300020756
http://data.collectienederland.nl/resource/document/museum-de-fundatie/0000002322,'Gustave Van de Woestyne',http://vocab.getty.edu/aat/300020756
http://data.collectienederland.nl/resource/document/museum-de-fundatie/0000002323,'Jan Weenix',http://vocab.getty.edu/aat/300020756
http://data.collectienederland.nl/resource/document/museum-de-fundatie/0000002324,'Karel Zakol',http://vocab.getty.edu/aat/300020756
http://data.collectienederland.nl/resource/document/museum-de-fundatie/0000002325,'Jan Adam Zandleven',http://vocab.getty.edu/aat/300020756
http://data.collectienederland.nl/resource/document/museum-de-fundatie/0000002326,'Jan Adam Zandleven',http://vocab.getty.edu/aat/300020756
http://data.collectienederland.nl/resource/document/museum-de-fundatie/0000002327,'Jan Adam Zandleven',http://vocab.getty.edu/aat/300020756
http://data.collectienederland.nl/resource/document/museum-de-fundatie/0000002328,'Jan Adam Zandleven',http://vocab.getty.edu/aat/300020756
http://data.collectienederland.nl/resource/document/museum-de-fundatie/0000002329,'Jan Adam Zandleven',http://vocab.getty.edu/aat/300020756
http://data.collectienederland.nl/resource/document/museum-de-fundatie/0000002330,'Francisco de Zurbaràn',http://vocab.getty.edu/aat/300020756
http://data.collectienederland.nl/resource/document/museum-de-fundatie/0000002331,'Francisco de Zurbaràn',http://vocab.getty.edu/aat/300020756
http://data.collectienederland.nl/resource/document/museum-de-fundatie/0000002331,'Juan de Valdés Leal',http://vocab.getty.edu/aat/300020756
http://data.collectienederland.nl/resource/document/museum-de-fundatie/0000002332,'Willem de Zwart',http://vocab.getty.edu/aat/300020756
http://data.collectienederland.nl/resource/document/museum-de-fundatie/0000002333,'Jean Decoen',http://vocab.getty.edu/aat/300020756
http://data.collectienederland.nl/resource/document/museum-de-fundatie/0000002335,'Jean Decoen',http://vocab.getty.edu/aat/300020756
http://data.collectienederland.nl/resource/document/museum-de-fundatie/0000002341,'Adriaan Ferdinand de Braekeleer',http://vocab.getty.edu/aat/300020756
http://data.collectienederland.nl/resource/document/museum-de-fundatie/0000002342,'Adriaan Ferdinand de Braekeleer',http://vocab.getty.edu/aat/300020756
http://data.collectienederland.nl/resource/document/museum-de-fundatie/0000002345,'Adriaan Ferdinand de Braekeleer',http://vocab.getty.edu/aat/300020756
http://data.collectienederland.nl/resource/document/museum-de-fundatie/0000002347,'Andres Deleito',http://vocab.getty.edu/aat/300020756
http://data.collectienederland.nl/resource/document/museum-de-fundatie/0000002347,'Belotti',http://vocab.getty.edu/aat/300020756
http://data.collectienederland.nl/resource/document/museum-de-fundatie/0000002348,'Salvator Rosa',http://vocab.getty.edu/aat/300020756
http://data.collectienederland.nl/resource/document/museum-de-fundatie/0000002357,'François Boucher',http://vocab.getty.edu/aat/300020756
http://data.collectienederland.nl/resource/document/museum-de-fundatie/0000002357,'Jean Honoré Fragonard',http://vocab.getty.edu/aat/300020756
http://data.collectienederland.nl/resource/document/museum-de-fundatie/0000002359,'Goya',http://vocab.getty.edu/aat/300020756
http://data.collectienederland.nl/resource/document/museum-de-fundatie/0000002360,'Anthonie Waterloo',http://vocab.getty.edu/aat/300020756
http://data.collectienederland.nl/resource/document/museum-de-fundatie/0000002360,'Gottfried Libalt',http://vocab.getty.edu/aat/300020756
http://data.collectienederland.nl/resource/document/museum-de-fundatie/0000002360,'Pieter de Hooch',http://vocab.getty.edu/aat/300020756
http://data.collectienederland.nl/resource/document/museum-de-fundatie/0000002364,'Balthasar van der Veen',http://vocab.getty.edu/aat/300020756
http://data.collectienederland.nl/resource/document/museum-de-fundatie/0000002365,'Jürgen Ovens',http://vocab.getty.edu/aat/300020756
http://data.collectienederland.nl/resource/document/museum-de-fundatie/9000004096,'Jan Voerman',http://vocab.getty.edu/aat/300020756
http://data.collectienederland.nl/resource/document/museum-de-fundatie/9000004098,'Jan Voerman',http://vocab.getty.edu/aat/300020756
http://data.collectienederland.nl/resource/document/museum-de-fundatie/9000004099,'Jan Voerman',http://vocab.getty.edu/aat/300020756
http://data.collectienederland.nl/resource/document/museum-de-fundatie/9000004101,'Jan Voerman',http://vocab.getty.edu/aat/300020756
http://data.collectienederland.nl/resource/document/museum-de-fundatie/9000004102,'Jan Voerman',http://vocab.getty.edu/aat/300020756
http://data.collectienederland.nl/resource/document/museum-de-fundatie/9000004111,'Jan Voerman',http://vocab.getty.edu/aat/300020756
http://data.collectienederland.nl/resource/document/museum-de-fundatie/9000004112,'Jan Voerman',http://vocab.getty.edu/aat/300020756
http://data.collectienederland.nl/resource/document/museum-de-fundatie/9000004127,'Jan Voerman',http://vocab.getty.edu/aat/300020756
http://data.collectienederland.nl/resource/document/museum-de-fundatie/9000004129,'Jan Voerman',http://vocab.getty.edu/aat/300020756
http://data.collectienederland.nl/resource/document/museum-de-fundatie/9000004131,'Jan Voerman',http://vocab.getty.edu/aat/300020756
http://data.collectienederland.nl/resource/document/museum-de-fundatie/9000004132,'Jan Voerman',http://vocab.getty.edu/aat/300020756
http://data.collectienederland.nl/resource/document/museum-de-fundatie/9000004133,'Jan Voerman',http://vocab.getty.edu/aat/300020756
http://data.collectienederland.nl/resource/document/museum-de-fundatie/9000004139,'Jan Voerman',http://vocab.getty.edu/aat/300020756
http://data.collectienederland.nl/resource/document/museum-de-fundatie/9000004147,'Jan Voerman',http://vocab.getty.edu/aat/300020756
http://data.collectienederland.nl/resource/document/museum-de-fundatie/9000004168,'Jan Voerman',http://vocab.getty.edu/aat/300404216
http://data.collectienederland.nl/resource/document/museum-de-fundatie/9000004169,'Jan Voerman',http://vocab.getty.edu/aat/300404216
http://data.collectienederland.nl/resource/document/museum-de-fundatie/9000004170,'Jan Voerman',http://vocab.getty.edu/aat/300404216
http://data.collectienederland.nl/resource/document/museum-de-fundatie/9000004172,'Jan Voerman',http://vocab.getty.edu/aat/300404216
http://data.collectienederland.nl/resource/document/museum-de-fundatie/9000004173,'Jan Voerman',http://vocab.getty.edu/aat/300404216
http://data.collectienederland.nl/resource/document/museum-de-fundatie/9000004174,'Jan Voerman',http://vocab.getty.edu/aat/300404216
http://data.collectienederland.nl/resource/document/museum-de-fundatie/9000004175,'Jan Voerman',http://vocab.getty.edu/aat/300404216
http://data.collectienederland.nl/resource/document/museum-de-fundatie/9000004185,'Jan Voerman',http://vocab.getty.edu/aat/300404216
http://data.collectienederland.nl/resource/document/museum-de-fundatie/9000004186,'Jan Voerman',http://vocab.getty.edu/aat/300404216
http://data.collectienederland.nl/resource/document/museum-de-fundatie/9000004189,'Jan Voerman',http://vocab.getty.edu/aat/300404216
http://data.collectienederland.nl/resource/document/museum-de-fundatie/9000004190,'Jan Voerman',http://vocab.getty.edu/aat/300404216
http://data.collectienederland.nl/resource/document/museum-de-fundatie/9000004191,'Jan Voerman',http://vocab.getty.edu/aat/300404216
http://data.collectienederland.nl/resource/document/museum-de-fundatie/9000004196,'Jan Voerman',http://vocab.getty.edu/aat/300404216
http://data.collectienederland.nl/resource/document/museum-de-fundatie/9000004198,'Jan Voerman',http://vocab.getty.edu/aat/300404216
http://data.collectienederland.nl/resource/document/museum-de-fundatie/9000004201,'Jan Voerman',http://vocab.getty.edu/aat/300404216
http://data.collectienederland.nl/resource/document/museum-de-fundatie/0000003177,'Frank van Hemert',http://vocab.getty.edu/aat/300020756
http://data.collectienederland.nl/resource/document/museum-de-fundatie/0000003181,'J. de Baen',http://vocab.getty.edu/aat/300020756
http://data.collectienederland.nl/resource/document/museum-de-fundatie/0000003238,'Johan Buning',http://vocab.getty.edu/aat/300020756
http://data.collectienederland.nl/resource/document/museum-de-fundatie/0000003307,'Balthasar Paul Ommeganck',http://vocab.getty.edu/aat/300020756
http://data.collectienederland.nl/resource/document/museum-de-fundatie/0000003398,'Jean Brusselmans',http://vocab.getty.edu/aat/300020756
http://data.collectienederland.nl/resource/document/museum-de-fundatie/0000004001,'Fermín Aguayo',http://vocab.getty.edu/aat/300020756
http://data.collectienederland.nl/resource/document/museum-de-fundatie/0000004005,'Fermín Aguayo',http://vocab.getty.edu/aat/300020756
http://data.collectienederland.nl/resource/document/museum-de-fundatie/0000004014,'Fermín Aguayo',http://vocab.getty.edu/aat/300020756
http://data.collectienederland.nl/resource/document/museum-de-fundatie/0000004002,'Henri Victor Gabriel le Fauconnier',http://vocab.getty.edu/aat/300020756
http://data.collectienederland.nl/resource/document/museum-de-fundatie/0000004003,'Albert Bitran',http://vocab.getty.edu/aat/300020756
http://data.collectienederland.nl/resource/document/museum-de-fundatie/0000004004.a,'Manuel Ortiz de Zarate',http://vocab.getty.edu/aat/300020756
http://data.collectienederland.nl/resource/document/museum-de-fundatie/0000004006,'Serge Charchoune',http://vocab.getty.edu/aat/300020756
http://data.collectienederland.nl/resource/document/museum-de-fundatie/0000004010,'Serge Charchoune',http://vocab.getty.edu/aat/300020756
http://data.collectienederland.nl/resource/document/museum-de-fundatie/0000004022,'Serge Charchoune',http://vocab.getty.edu/aat/300020756
http://data.collectienederland.nl/resource/document/museum-de-fundatie/0000004029,'Serge Charchoune',http://vocab.getty.edu/aat/300020756
http://data.collectienederland.nl/resource/document/museum-de-fundatie/0000004044,'Serge Charchoune',http://vocab.getty.edu/aat/300020756
http://data.collectienederland.nl/resource/document/museum-de-fundatie/0000004007,'Louttre',http://vocab.getty.edu/aat/300020756
http://data.collectienederland.nl/resource/document/museum-de-fundatie/0000004018,'Louttre',http://vocab.getty.edu/aat/300020756
http://data.collectienederland.nl/resource/document/museum-de-fundatie/0000004012,'Edouard Pignon',http://vocab.getty.edu/aat/300020756
http://data.collectienederland.nl/resource/document/museum-de-fundatie/0000004015,'Roger Bissière',http://vocab.getty.edu/aat/300020756
http://data.collectienederland.nl/resource/document/museum-de-fundatie/0000004017,'Roger Bissière',http://vocab.getty.edu/aat/300020756
http://data.collectienederland.nl/resource/document/museum-de-fundatie/0000004016,'Raymond Préaux',http://vocab.getty.edu/aat/300020756
http://data.collectienederland.nl/resource/document/museum-de-fundatie/0000004019,'Albert Fiks',http://vocab.getty.edu/aat/300020756
http://data.collectienederland.nl/resource/document/museum-de-fundatie/0000004020,'Hermann Friederich Bieling',http://vocab.getty.edu/aat/300020756
http://data.collectienederland.nl/resource/document/museum-de-fundatie/0000004023,'Mohamed Aksouh',http://vocab.getty.edu/aat/300020756
http://data.collectienederland.nl/resource/document/museum-de-fundatie/0000004025,'Maria Manton',http://vocab.getty.edu/aat/300020756
http://data.collectienederland.nl/resource/document/museum-de-fundatie/0000004032,'Louis Armand Nallard',http://vocab.getty.edu/aat/300020756
http://data.collectienederland.nl/resource/document/museum-de-fundatie/0000004038,'Henri van Daalhof',http://vocab.getty.edu/aat/300020756
http://data.collectienederland.nl/resource/document/museum-de-fundatie/0000004063,'Willem den Ouden',http://vocab.getty.edu/aat/300020756
http://data.collectienederland.nl/resource/document/museum-de-fundatie/0000004088,'Nicolaes Molenaer',http://vocab.getty.edu/aat/300020756
http://data.collectienederland.nl/resource/document/museum-de-fundatie/0000004089,'Hendrik Cornelisz. van der Vliet',http://vocab.getty.edu/aat/300020756
http://data.collectienederland.nl/resource/document/museum-de-fundatie/0000004090,'Martinus Nellius',http://vocab.getty.edu/aat/300020756
http://data.collectienederland.nl/resource/document/museum-de-fundatie/0000004091,'Adam Willaerts',http://vocab.getty.edu/aat/300020756
http://data.collectienederland.nl/resource/document/museum-de-fundatie/0000004412,'Pieter van Avont',http://vocab.getty.edu/aat/300020756
http://data.collectienederland.nl/resource/document/museum-de-fundatie/0000004459,'Jan van Merwijk',http://vocab.getty.edu/aat/300020756
http://data.collectienederland.nl/resource/document/museum-de-fundatie/9000001834,'Jan van Merwijk',http://vocab.getty.edu/aat/300020756
http://data.collectienederland.nl/resource/document/museum-de-fundatie/0000004496,'Jeroen Krabbé',http://vocab.getty.edu/aat/300020756
http://data.collectienederland.nl/resource/document/museum-de-fundatie/0000004556,'Jeroen Krabbé',http://vocab.getty.edu/aat/300404216
http://data.collectienederland.nl/resource/document/museum-de-fundatie/8000004495,'Jeroen Krabbé',http://vocab.getty.edu/aat/300020756
http://data.collectienederland.nl/resource/document/museum-de-fundatie/8000004555,'Jeroen Krabbé',http://vocab.getty.edu/aat/300020756
http://data.collectienederland.nl/resource/document/museum-de-fundatie/8000007774,'Jeroen Krabbé',http://vocab.getty.edu/aat/300020756
http://data.collectienederland.nl/resource/document/museum-de-fundatie/8000007775,'Jeroen Krabbé',http://vocab.getty.edu/aat/300020756
http://data.collectienederland.nl/resource/document/museum-de-fundatie/8000007776,'Jeroen Krabbé',http://vocab.getty.edu/aat/300020756
http://data.collectienederland.nl/resource/document/museum-de-fundatie/8000007777,'Jeroen Krabbé',http://vocab.getty.edu/aat/300020756
http://data.collectienederland.nl/resource/document/museum-de-fundatie/8000007778,'Jeroen Krabbé',http://vocab.getty.edu/aat/300020756
http://data.collectienederland.nl/resource/document/museum-de-fundatie/8000007779,'Jeroen Krabbé',http://vocab.getty.edu/aat/300020756
http://data.collectienederland.nl/resource/document/museum-de-fundatie/8000007780,'Jeroen Krabbé',http://vocab.getty.edu/aat/300020756
http://data.collectienederland.nl/resource/document/museum-de-fundatie/8000007781,'Jeroen Krabbé',http://vocab.getty.edu/aat/300020756
http://data.collectienederland.nl/resource/document/museum-de-fundatie/8000007782,'Jeroen Krabbé',http://vocab.getty.edu/aat/300020756
http://data.collectienederland.nl/resource/document/museum-de-fundatie/8000009608,'Jeroen Krabbé',http://vocab.getty.edu/aat/300020756
http://data.collectienederland.nl/resource/document/museum-de-fundatie/8000009609,'Jeroen Krabbé',http://vocab.getty.edu/aat/300020756
http://data.collectienederland.nl/resource/document/museum-de-fundatie/8000009610,'Jeroen Krabbé',http://vocab.getty.edu/aat/300020756
http://data.collectienederland.nl/resource/document/museum-de-fundatie/8000009611,'Jeroen Krabbé',http://vocab.getty.edu/aat/300020756
http://data.collectienederland.nl/resource/document/museum-de-fundatie/8000009612,'Jeroen Krabbé',http://vocab.getty.edu/aat/300020756
http://data.collectienederland.nl/resource/document/museum-de-fundatie/8000009613,'Jeroen Krabbé',http://vocab.getty.edu/aat/300020756
http://data.collectienederland.nl/resource/document/museum-de-fundatie/8000009614,'Jeroen Krabbé',http://vocab.getty.edu/aat/300020756
http://data.collectienederland.nl/resource/document/museum-de-fundatie/8000009615,'Jeroen Krabbé',http://vocab.getty.edu/aat/300020756
http://data.collectienederland.nl/resource/document/museum-de-fundatie/8000009616,'Jeroen Krabbé',http://vocab.getty.edu/aat/300020756
http://data.collectienederland.nl/resource/document/museum-de-fundatie/8000009617,'Jeroen Krabbé',http://vocab.getty.edu/aat/300020756
http://data.collectienederland.nl/resource/document/museum-de-fundatie/8000009618,'Jeroen Krabbé',http://vocab.getty.edu/aat/300020756
http://data.collectienederland.nl/resource/document/museum-de-fundatie/8000009619,'Jeroen Krabbé',http://vocab.getty.edu/aat/300020756
http://data.collectienederland.nl/resource/document/museum-de-fundatie/8000009620,'Jeroen Krabbé',http://vocab.getty.edu/aat/300020756
http://data.collectienederland.nl/resource/document/museum-de-fundatie/8000009621,'Jeroen Krabbé',http://vocab.getty.edu/aat/300020756
http://data.collectienederland.nl/resource/document/museum-de-fundatie/9000004498,'Jeroen Krabbé',http://vocab.getty.edu/aat/300020756
http://data.collectienederland.nl/resource/document/museum-de-fundatie/5000001914,'Paul Citroen',http://vocab.getty.edu/aat/300020756
http://data.collectienederland.nl/resource/document/museum-de-fundatie/9000000175,'Paul Citroen',http://vocab.getty.edu/aat/300020756
http://data.collectienederland.nl/resource/document/museum-de-fundatie/9000001244,'Paul Citroen',http://vocab.getty.edu/aat/300020756
http://data.collectienederland.nl/resource/document/museum-de-fundatie/9000001905,'Paul Citroen',http://vocab.getty.edu/aat/300020756
http://data.collectienederland.nl/resource/document/museum-de-fundatie/9000001907,'Paul Citroen',http://vocab.getty.edu/aat/300020756
http://data.collectienederland.nl/resource/document/museum-de-fundatie/9000001910,'Paul Citroen',http://vocab.getty.edu/aat/300020756
http://data.collectienederland.nl/resource/document/museum-de-fundatie/9000001918,'Paul Citroen',http://vocab.getty.edu/aat/300020756
http://data.collectienederland.nl/resource/document/museum-de-fundatie/9000001919,'Paul Citroen',http://vocab.getty.edu/aat/300020756
http://data.collectienederland.nl/resource/document/museum-de-fundatie/9000001925,'Paul Citroen',http://vocab.getty.edu/aat/300020756
http://data.collectienederland.nl/resource/document/museum-de-fundatie/9000001927,'Paul Citroen',http://vocab.getty.edu/aat/300020756
http://data.collectienederland.nl/resource/document/museum-de-fundatie/9000001928,'Paul Citroen',http://vocab.getty.edu/aat/300020756
http://data.collectienederland.nl/resource/document/museum-de-fundatie/9000004568,'Paul Citroen',http://vocab.getty.edu/aat/300020756
http://data.collectienederland.nl/resource/document/museum-de-fundatie/9000004573,'Paul Citroen',http://vocab.getty.edu/aat/300020756
http://data.collectienederland.nl/resource/document/museum-de-fundatie/9000004575,'Paul Citroen',http://vocab.getty.edu/aat/300020756
http://data.collectienederland.nl/resource/document/museum-de-fundatie/9000004597,'Paul Citroen',http://vocab.getty.edu/aat/300020756
http://data.collectienederland.nl/resource/document/museum-de-fundatie/9000004601,'Paul Citroen',http://vocab.getty.edu/aat/300020756
http://data.collectienederland.nl/resource/document/museum-de-fundatie/9000004602,'Paul Citroen',http://vocab.getty.edu/aat/300020756
http://data.collectienederland.nl/resource/document/museum-de-fundatie/9000004608,'Paul Citroen',http://vocab.getty.edu/aat/300020756
http://data.collectienederland.nl/resource/document/museum-de-fundatie/9000004609,'Paul Citroen',http://vocab.getty.edu/aat/300020756
http://data.collectienederland.nl/resource/document/museum-de-fundatie/9000004610,'Paul Citroen',http://vocab.getty.edu/aat/300020756
http://data.collectienederland.nl/resource/document/museum-de-fundatie/9000004614,'Paul Citroen',http://vocab.getty.edu/aat/300020756
http://data.collectienederland.nl/resource/document/museum-de-fundatie/9000004623,'Paul Citroen',http://vocab.getty.edu/aat/300020756
http://data.collectienederland.nl/resource/document/museum-de-fundatie/9000004624,'Paul Citroen',http://vocab.getty.edu/aat/300020756
http://data.collectienederland.nl/resource/document/museum-de-fundatie/9000004631,'Paul Citroen',http://vocab.getty.edu/aat/300020756
http://data.collectienederland.nl/resource/document/museum-de-fundatie/9000004632,'Paul Citroen',http://vocab.getty.edu/aat/300020756
http://data.collectienederland.nl/resource/document/museum-de-fundatie/9000004633,'Paul Citroen',http://vocab.getty.edu/aat/300020756
http://data.collectienederland.nl/resource/document/museum-de-fundatie/9000004634,'Paul Citroen',http://vocab.getty.edu/aat/300020756
http://data.collectienederland.nl/resource/document/museum-de-fundatie/9000004638,'Paul Citroen',http://vocab.getty.edu/aat/300020756
http://data.collectienederland.nl/resource/document/museum-de-fundatie/9000004640,'Paul Citroen',http://vocab.getty.edu/aat/300020756
http://data.collectienederland.nl/resource/document/museum-de-fundatie/9000006330,'Paul Citroen',http://vocab.getty.edu/aat/300020756
http://data.collectienederland.nl/resource/document/museum-de-fundatie/9000006333,'Paul Citroen',http://vocab.getty.edu/aat/300020756
http://data.collectienederland.nl/resource/document/museum-de-fundatie/9000006348,'Paul Citroen',http://vocab.getty.edu/aat/300020756
http://data.collectienederland.nl/resource/document/museum-de-fundatie/9000006542,'Paul Citroen',http://vocab.getty.edu/aat/300020756
http://data.collectienederland.nl/resource/document/museum-de-fundatie/9000006811,'Paul Citroen',http://vocab.getty.edu/aat/300020756
http://data.collectienederland.nl/resource/document/museum-de-fundatie/0000007702,'Rob Scholte',http://vocab.getty.edu/aat/300020756
http://data.collectienederland.nl/resource/document/museum-de-fundatie/0000009313,'Agnes van den Brandeler',http://vocab.getty.edu/aat/300020756
http://data.collectienederland.nl/resource/document/museum-de-fundatie/0000009314,'Agnes van den Brandeler',http://vocab.getty.edu/aat/300020756
http://data.collectienederland.nl/resource/document/museum-de-fundatie/0000009315,'Agnes van den Brandeler',http://vocab.getty.edu/aat/300020756
http://data.collectienederland.nl/resource/document/museum-de-fundatie/0000009316,'Agnes van den Brandeler',http://vocab.getty.edu/aat/300020756
http://data.collectienederland.nl/resource/document/museum-de-fundatie/0000009317,'Agnes van den Brandeler',http://vocab.getty.edu/aat/300020756
http://data.collectienederland.nl/resource/document/museum-de-fundatie/0000009318,'Agnes van den Brandeler',http://vocab.getty.edu/aat/300020756
http://data.collectienederland.nl/resource/document/museum-de-fundatie/0000009319,'Agnes van den Brandeler',http://vocab.getty.edu/aat/300020756
http://data.collectienederland.nl/resource/document/museum-de-fundatie/0000009320,'Agnes van den Brandeler',http://vocab.getty.edu/aat/300020756
http://data.collectienederland.nl/resource/document/museum-de-fundatie/0000009321,'Agnes van den Brandeler',http://vocab.getty.edu/aat/300020756
http://data.collectienederland.nl/resource/document/museum-de-fundatie/0000009322,'Agnes van den Brandeler',http://vocab.getty.edu/aat/300020756
http://data.collectienederland.nl/resource/document/museum-de-fundatie/0000009323,'Agnes van den Brandeler',http://vocab.getty.edu/aat/300020756
http://data.collectienederland.nl/resource/document/museum-de-fundatie/0000009324,'Agnes van den Brandeler',http://vocab.getty.edu/aat/300020756
http://data.collectienederland.nl/resource/document/museum-de-fundatie/0000009325,'Agnes van den Brandeler',http://vocab.getty.edu/aat/300020756
http://data.collectienederland.nl/resource/document/museum-de-fundatie/0000009327,'Agnes van den Brandeler',http://vocab.getty.edu/aat/300020756
http://data.collectienederland.nl/resource/document/museum-de-fundatie/0000009328,'Agnes van den Brandeler',http://vocab.getty.edu/aat/300020756
http://data.collectienederland.nl/resource/document/museum-de-fundatie/0000009329,'Agnes van den Brandeler',http://vocab.getty.edu/aat/300020756
http://data.collectienederland.nl/resource/document/museum-de-fundatie/0000009330,'Agnes van den Brandeler',http://vocab.getty.edu/aat/300020756
http://data.collectienederland.nl/resource/document/museum-de-fundatie/0000009331,'Agnes van den Brandeler',http://vocab.getty.edu/aat/300020756
http://data.collectienederland.nl/resource/document/museum-de-fundatie/0000009332,'Agnes van den Brandeler',http://vocab.getty.edu/aat/300020756
http://data.collectienederland.nl/resource/document/museum-de-fundatie/0000009333,'Agnes van den Brandeler',http://vocab.getty.edu/aat/300020756
http://data.collectienederland.nl/resource/document/museum-de-fundatie/0000009334,'Agnes van den Brandeler',http://vocab.getty.edu/aat/300020756
http://data.collectienederland.nl/resource/document/museum-de-fundatie/0000009335,'Agnes van den Brandeler',http://vocab.getty.edu/aat/300020756
http://data.collectienederland.nl/resource/document/museum-de-fundatie/0000009336,'Agnes van den Brandeler',http://vocab.getty.edu/aat/300020756
http://data.collectienederland.nl/resource/document/museum-de-fundatie/0000009337,'Agnes van den Brandeler',http://vocab.getty.edu/aat/300020756
http://data.collectienederland.nl/resource/document/museum-de-fundatie/0000009338,'Agnes van den Brandeler',http://vocab.getty.edu/aat/300020756
http://data.collectienederland.nl/resource/document/museum-de-fundatie/0000009339,'Agnes van den Brandeler',http://vocab.getty.edu/aat/300020756
http://data.collectienederland.nl/resource/document/museum-de-fundatie/0000009340,'Agnes van den Brandeler',http://vocab.getty.edu/aat/300020756
http://data.collectienederland.nl/resource/document/museum-de-fundatie/0000009341,'Agnes van den Brandeler',http://vocab.getty.edu/aat/300020756
http://data.collectienederland.nl/resource/document/museum-de-fundatie/0000009342,'Agnes van den Brandeler',http://vocab.getty.edu/aat/300020756
http://data.collectienederland.nl/resource/document/museum-de-fundatie/0000009343,'Agnes van den Brandeler',http://vocab.getty.edu/aat/300020756
http://data.collectienederland.nl/resource/document/museum-de-fundatie/0000009344,'Agnes van den Brandeler',http://vocab.getty.edu/aat/300020756
http://data.collectienederland.nl/resource/document/museum-de-fundatie/0000009345,'Agnes van den Brandeler',http://vocab.getty.edu/aat/300020756
http://data.collectienederland.nl/resource/document/museum-de-fundatie/0000009346,'Agnes van den Brandeler',http://vocab.getty.edu/aat/300020756
http://data.collectienederland.nl/resource/document/museum-de-fundatie/0000009347,'Agnes van den Brandeler',http://vocab.getty.edu/aat/300020756
http://data.collectienederland.nl/resource/document/museum-de-fundatie/0000009348,'Agnes van den Brandeler',http://vocab.getty.edu/aat/300020756
http://data.collectienederland.nl/resource/document/museum-de-fundatie/0000009349,'Agnes van den Brandeler',http://vocab.getty.edu/aat/300020756
http://data.collectienederland.nl/resource/document/museum-de-fundatie/0000009350,'Agnes van den Brandeler',http://vocab.getty.edu/aat/300020756
http://data.collectienederland.nl/resource/document/museum-de-fundatie/0000009351,'Agnes van den Brandeler',http://vocab.getty.edu/aat/300020756
http://data.collectienederland.nl/resource/document/museum-de-fundatie/0000009352,'Agnes van den Brandeler',http://vocab.getty.edu/aat/300020756
http://data.collectienederland.nl/resource/document/museum-de-fundatie/0000009353,'Agnes van den Brandeler',http://vocab.getty.edu/aat/300020756
http://data.collectienederland.nl/resource/document/museum-de-fundatie/0000009354,'Agnes van den Brandeler',http://vocab.getty.edu/aat/300020756
http://data.collectienederland.nl/resource/document/museum-de-fundatie/0000009356,'Agnes van den Brandeler',http://vocab.getty.edu/aat/300020756
http://data.collectienederland.nl/resource/document/museum-de-fundatie/0000009357,'Agnes van den Brandeler',http://vocab.getty.edu/aat/300020756
http://data.collectienederland.nl/resource/document/museum-de-fundatie/0000009358,'Agnes van den Brandeler',http://vocab.getty.edu/aat/300020756
http://data.collectienederland.nl/resource/document/museum-de-fundatie/0000009359,'Agnes van den Brandeler',http://vocab.getty.edu/aat/300020756
http://data.collectienederland.nl/resource/document/museum-de-fundatie/0000009360,'Agnes van den Brandeler',http://vocab.getty.edu/aat/300020756
http://data.collectienederland.nl/resource/document/museum-de-fundatie/0000009361,'Agnes van den Brandeler',http://vocab.getty.edu/aat/300020756
http://data.collectienederland.nl/resource/document/museum-de-fundatie/0000009362,'Agnes van den Brandeler',http://vocab.getty.edu/aat/300020756
http://data.collectienederland.nl/resource/document/museum-de-fundatie/0000009363,'Agnes van den Brandeler',http://vocab.getty.edu/aat/300020756
http://data.collectienederland.nl/resource/document/museum-de-fundatie/0000009364,'Agnes van den Brandeler',http://vocab.getty.edu/aat/300020756
http://data.collectienederland.nl/resource/document/museum-de-fundatie/0000009365,'Agnes van den Brandeler',http://vocab.getty.edu/aat/300020756
http://data.collectienederland.nl/resource/document/museum-de-fundatie/0000009366,'Agnes van den Brandeler',http://vocab.getty.edu/aat/300020756
http://data.collectienederland.nl/resource/document/museum-de-fundatie/0000009367,'Agnes van den Brandeler',http://vocab.getty.edu/aat/300020756
http://data.collectienederland.nl/resource/document/museum-de-fundatie/0000009368,'Agnes van den Brandeler',http://vocab.getty.edu/aat/300020756
http://data.collectienederland.nl/resource/document/museum-de-fundatie/0000009369,'Agnes van den Brandeler',http://vocab.getty.edu/aat/300020756
http://data.collectienederland.nl/resource/document/museum-de-fundatie/0000009370,'Agnes van den Brandeler',http://vocab.getty.edu/aat/300020756
http://data.collectienederland.nl/resource/document/museum-de-fundatie/0000009371,'Agnes van den Brandeler',http://vocab.getty.edu/aat/300020756
http://data.collectienederland.nl/resource/document/museum-de-fundatie/0000009372,'Agnes van den Brandeler',http://vocab.getty.edu/aat/300020756
http://data.collectienederland.nl/resource/document/museum-de-fundatie/0000009379,'Agnes van den Brandeler',http://vocab.getty.edu/aat/300020756
http://data.collectienederland.nl/resource/document/museum-de-fundatie/0000009380,'Agnes van den Brandeler',http://vocab.getty.edu/aat/300020756
http://data.collectienederland.nl/resource/document/museum-de-fundatie/0000009768,'Jan Cremer',http://vocab.getty.edu/aat/300020756
http://data.collectienederland.nl/resource/document/museum-de-fundatie/0000011535,'Jan Cremer',http://vocab.getty.edu/aat/300020756
http://data.collectienederland.nl/resource/document/museum-de-fundatie/0000011536,'Jan Cremer',http://vocab.getty.edu/aat/300020756
http://data.collectienederland.nl/resource/document/museum-de-fundatie/0000011539,'Jan Cremer',http://vocab.getty.edu/aat/300020756
http://data.collectienederland.nl/resource/document/museum-de-fundatie/0000011541,'Jan Cremer',http://vocab.getty.edu/aat/300020756
http://data.collectienederland.nl/resource/document/museum-de-fundatie/0000011663,'Jan Cremer',http://vocab.getty.edu/aat/300020756
http://data.collectienederland.nl/resource/document/museum-de-fundatie/0000011664,'Jan Cremer',http://vocab.getty.edu/aat/300020756
http://data.collectienederland.nl/resource/document/museum-de-fundatie/0000011666,'Jan Cremer',http://vocab.getty.edu/aat/300020756
http://data.collectienederland.nl/resource/document/museum-de-fundatie/0000011667,'Jan Cremer',http://vocab.getty.edu/aat/300020756
http://data.collectienederland.nl/resource/document/museum-de-fundatie/0000011668,'Jan Cremer',http://vocab.getty.edu/aat/300020756
http://data.collectienederland.nl/resource/document/museum-de-fundatie/0000011669,'Jan Cremer',http://vocab.getty.edu/aat/300020756
http://data.collectienederland.nl/resource/document/museum-de-fundatie/0000011670,'Jan Cremer',http://vocab.getty.edu/aat/300020756
http://data.collectienederland.nl/resource/document/museum-de-fundatie/8000009781,'Jan Cremer',http://vocab.getty.edu/aat/300020756
http://data.collectienederland.nl/resource/document/museum-de-fundatie/9000000208,'Jan Cremer',http://vocab.getty.edu/aat/300020756
http://data.collectienederland.nl/resource/document/museum-de-fundatie/9000000209,'Jan Cremer',http://vocab.getty.edu/aat/300020756
http://data.collectienederland.nl/resource/document/museum-de-fundatie/9000000877,'Jan Cremer',http://vocab.getty.edu/aat/300020756
http://data.collectienederland.nl/resource/document/museum-de-fundatie/9000011540,'Jan Cremer',http://vocab.getty.edu/aat/300020756
http://data.collectienederland.nl/resource/document/museum-de-fundatie/9000011542,'Jan Cremer',http://vocab.getty.edu/aat/300020756
http://data.collectienederland.nl/resource/document/museum-de-fundatie/9000011672,'Jan Cremer',http://vocab.getty.edu/aat/300020756
http://data.collectienederland.nl/resource/document/museum-de-fundatie/0000009989,'Annemarie Busschers',http://vocab.getty.edu/aat/300020756
http://data.collectienederland.nl/resource/document/museum-de-fundatie/8000009516,'Han van Meegeren',http://vocab.getty.edu/aat/300020756
http://data.collectienederland.nl/resource/document/museum-de-fundatie/9000000042,'Armando',http://vocab.getty.edu/aat/300020756
http://data.collectienederland.nl/resource/document/museum-de-fundatie/9000000288,'Charles Gaupp',http://vocab.getty.edu/aat/300020756
http://data.collectienederland.nl/resource/document/museum-de-fundatie/9000000289,'Charles Gaupp',http://vocab.getty.edu/aat/300020756
http://data.collectienederland.nl/resource/document/museum-de-fundatie/9000000913,'Charles Gaupp',http://vocab.getty.edu/aat/300020756
http://data.collectienederland.nl/resource/document/museum-de-fundatie/9000000378,'Asger Jorn',http://vocab.getty.edu/aat/300020756
http://data.collectienederland.nl/resource/document/museum-de-fundatie/9000000567,'Antonio Saura',http://vocab.getty.edu/aat/300020756
http://data.collectienederland.nl/resource/document/museum-de-fundatie/9000000715,'Co Westerik',http://vocab.getty.edu/aat/300020756
http://data.collectienederland.nl/resource/document/museum-de-fundatie/9000000860,'R. Clarke',http://vocab.getty.edu/aat/300020756
http://data.collectienederland.nl/resource/document/museum-de-fundatie/9000000860,'Richard Clarke',http://vocab.getty.edu/aat/300020756
http://data.collectienederland.nl/resource/document/museum-de-fundatie/9000000945,'Jacoba van Heemskerck van Beest',http://vocab.getty.edu/aat/300020756
http://data.collectienederland.nl/resource/document/museum-de-fundatie/9000001103,'Peter Struycken',http://vocab.getty.edu/aat/300020756
http://data.collectienederland.nl/resource/document/museum-de-fundatie/9000001141,'Carel Willink',http://vocab.getty.edu/aat/300020756
